code,name,sorting,focalGroupId,brand,materialPropertyId,balancingLens,lenti,trafficRestrictions,singleLensOrder,topology,antireflex,color,photocromic,hard,clean,uvAbsorbing,mirrored,polarised,contrastEnhancing,uvThreshold,uvATransmission,uvBTransmission,thicknessreduction,specialThickness,warranty,travellerService,ranges,orderOptionGroupId,trad_fr,display,prix,prog,trad_fr2,gtin
206253,TRN GEN 8 1.5 - Amber,131,1,,6,1,0,,YES,SPHERICAL,NONE,,1,NONE,NONE,1,0,0,0,0,0,0,NONE,0,0,0,"[{""geoId"": {""0"": ""1""},""rangeId"": {""0"": ""163""},""combinationTreeId"":{""0"":""21"",""@attributes"":{""prio"":1}}},{""geoId"": {""0"": ""1""},""rangeId"": {""0"": ""164""},""combinationTreeId"":{""0"":""21"",""@attributes"":{""prio"":1}}},{""geoId"": {""0"": ""1""},""rangeId"": {""0"": ""165""},""combinationTreeId"":{""0"":""21"",""@attributes"":{""prio"":1}}},{""geoId"": {""0"": ""1""},""rangeId"": {""0"": ""139""},""combinationTreeId"":{""0"":""21"",""@attributes"":{""prio"":1}}},{""geoId"": {""0"": ""1""},""rangeId"": {""0"": ""180""},""combinationTreeId"":{""0"":""21"",""@attributes"":{""prio"":1}}}]",1,"Freestyle SV 1,5 Transition Ambre",X,30,0,"Freestyle SV 1,5 Transition Ambre",3.66612E+12
206255,TRN GEN 8 1.5 - Emerald,133,1,,6,1,0,,YES,SPHERICAL,NONE,,1,NONE,NONE,1,0,0,0,0,0,0,NONE,0,0,0,"[{""geoId"": {""0"": ""1""},""rangeId"": {""0"": ""176""},""combinationTreeId"":{""0"":""21"",""@attributes"":{""prio"":1}}},{""geoId"": {""0"": ""1""},""rangeId"": {""0"": ""177""},""combinationTreeId"":{""0"":""21"",""@attributes"":{""prio"":1}}},{""geoId"": {""0"": ""1""},""rangeId"": {""0"": ""178""},""combinationTreeId"":{""0"":""21"",""@attributes"":{""prio"":1}}},{""geoId"": {""0"": ""1""},""rangeId"": {""0"": ""193""},""combinationTreeId"":{""0"":""21"",""@attributes"":{""prio"":1}}},{""geoId"": {""0"": ""1""},""rangeId"": {""0"": ""194""},""combinationTreeId"":{""0"":""21"",""@attributes"":{""prio"":1}}}]",1,"Freestyle SV 1,5 Transition Émeraude",X,30,0,"Freestyle SV 1,5 Transition Émeraude",3.66612E+12
206624,TRN GEN 8 1.5 AS - Amber,132,1,,5,1,0,,YES,ASPHERIC,NONE,,1,NONE,NONE,1,0,0,0,0,0,0,NONE,0,0,0,"[{""geoId"": {""0"": ""1""},""rangeId"": {""0"": ""1573""},""combinationTreeId"":{""0"":""21"",""@attributes"":{""prio"":1}}},{""geoId"": {""0"": ""1""},""rangeId"": {""0"": ""1574""},""combinationTreeId"":{""0"":""21"",""@attributes"":{""prio"":1}}},{""geoId"": {""0"": ""1""},""rangeId"": {""0"": ""1575""},""combinationTreeId"":{""0"":""21"",""@attributes"":{""prio"":1}}},{""geoId"": {""0"": ""1""},""rangeId"": {""0"": ""1576""},""combinationTreeId"":{""0"":""21"",""@attributes"":{""prio"":1}}},{""geoId"": {""0"": ""1""},""rangeId"": {""0"": ""1577""},""combinationTreeId"":{""0"":""21"",""@attributes"":{""prio"":1}}}]",0,"Freestyle SV 1,5 Asphérique Transition Ambre",X,35,0,"Freestyle SV 1,5 Asphérique Transition Ambre",3.66612E+12
206627,Platinum Hard R 1.5 TRN GEN 8-Amber,8594,3,,6,1,0,NOT_FOR_NIGHT_DRIVING,YES,ASPHERIC,NONE,,1,NONE,NONE,1,0,0,0,0,0,0,NONE,0,0,0,"[{""geoId"": {""0"": ""14""},""rangeId"": {""0"": ""441""},""combinationTreeId"":{""0"":""21"",""@attributes"":{""prio"":1}}},{""geoId"": {""0"": ""14""},""rangeId"": {""0"": ""442""},""combinationTreeId"":{""0"":""21"",""@attributes"":{""prio"":1}}},{""geoId"": {""0"": ""14""},""rangeId"": {""0"": ""443""},""combinationTreeId"":{""0"":""21"",""@attributes"":{""prio"":1}}},{""geoId"": {""0"": ""14""},""rangeId"": {""0"": ""444""},""combinationTreeId"":{""0"":""21"",""@attributes"":{""prio"":1}}},{""geoId"": {""0"": ""14""},""rangeId"": {""0"": ""714""},""combinationTreeId"":{""0"":""21"",""@attributes"":{""prio"":1}}},{""geoId"": {""0"": ""14""},""rangeId"": {""0"": ""715""},""combinationTreeId"":{""0"":""21"",""@attributes"":{""prio"":1}}},{""geoId"": {""0"": ""14""},""rangeId"": {""0"": ""924""},""combinationTreeId"":{""0"":""21"",""@attributes"":{""prio"":1}}},{""geoId"": {""0"": ""14""},""rangeId"": {""0"": ""925""},""combinationTreeId"":{""0"":""21"",""@attributes"":{""prio"":1}}},{""geoId"": {""0"": ""14""},""rangeId"": {""0"": ""926""},""combinationTreeId"":{""0"":""21"",""@attributes"":{""prio"":1}}},{""geoId"": {""0"": ""14""},""rangeId"": {""0"": ""927""},""combinationTreeId"":{""0"":""21"",""@attributes"":{""prio"":1}}}]",1,"Platinium 1,5 Transition Ambre Long",X,48,0,"Platinium 1,5 Transition Ambre Long",3.66612E+12
206628,Platinum Hard S 1.5 TRN GEN 8-Amber,8593,3,,6,1,0,NOT_FOR_NIGHT_DRIVING,YES,ASPHERIC,NONE,,1,NONE,NONE,1,0,0,0,0,0,0,NONE,0,0,0,"[{""geoId"": {""0"": ""15""},""rangeId"": {""0"": ""441""},""combinationTreeId"":{""0"":""21"",""@attributes"":{""prio"":1}}},{""geoId"": {""0"": ""15""},""rangeId"": {""0"": ""442""},""combinationTreeId"":{""0"":""21"",""@attributes"":{""prio"":1}}},{""geoId"": {""0"": ""15""},""rangeId"": {""0"": ""443""},""combinationTreeId"":{""0"":""21"",""@attributes"":{""prio"":1}}},{""geoId"": {""0"": ""15""},""rangeId"": {""0"": ""444""},""combinationTreeId"":{""0"":""21"",""@attributes"":{""prio"":1}}},{""geoId"": {""0"": ""15""},""rangeId"": {""0"": ""714""},""combinationTreeId"":{""0"":""21"",""@attributes"":{""prio"":1}}},{""geoId"": {""0"": ""15""},""rangeId"": {""0"": ""715""},""combinationTreeId"":{""0"":""21"",""@attributes"":{""prio"":1}}},{""geoId"": {""0"": ""15""},""rangeId"": {""0"": ""924""},""combinationTreeId"":{""0"":""21"",""@attributes"":{""prio"":1}}},{""geoId"": {""0"": ""15""},""rangeId"": {""0"": ""925""},""combinationTreeId"":{""0"":""21"",""@attributes"":{""prio"":1}}},{""geoId"": {""0"": ""15""},""rangeId"": {""0"": ""926""},""combinationTreeId"":{""0"":""21"",""@attributes"":{""prio"":1}}},{""geoId"": {""0"": ""15""},""rangeId"": {""0"": ""927""},""combinationTreeId"":{""0"":""21"",""@attributes"":{""prio"":1}}}]",1,"Platinium 1,5 Transition Ambre Moyen",X,48,0,"Platinium 1,5 Transition Ambre Moyen",3.66612E+12
206629,Platinum Hard E 1.5 TRN GEN 8-Amber,8592,3,,6,1,0,NOT_FOR_NIGHT_DRIVING,YES,ASPHERIC,NONE,,1,NONE,NONE,1,0,0,0,0,0,0,NONE,0,0,0,"[{""geoId"": {""0"": ""16""},""rangeId"": {""0"": ""441""},""combinationTreeId"":{""0"":""21"",""@attributes"":{""prio"":1}}},{""geoId"": {""0"": ""16""},""rangeId"": {""0"": ""442""},""combinationTreeId"":{""0"":""21"",""@attributes"":{""prio"":1}}},{""geoId"": {""0"": ""16""},""rangeId"": {""0"": ""443""},""combinationTreeId"":{""0"":""21"",""@attributes"":{""prio"":1}}},{""geoId"": {""0"": ""16""},""rangeId"": {""0"": ""444""},""combinationTreeId"":{""0"":""21"",""@attributes"":{""prio"":1}}},{""geoId"": {""0"": ""16""},""rangeId"": {""0"": ""714""},""combinationTreeId"":{""0"":""21"",""@attributes"":{""prio"":1}}},{""geoId"": {""0"": ""16""},""rangeId"": {""0"": ""715""},""combinationTreeId"":{""0"":""21"",""@attributes"":{""prio"":1}}},{""geoId"": {""0"": ""16""},""rangeId"": {""0"": ""924""},""combinationTreeId"":{""0"":""21"",""@attributes"":{""prio"":1}}},{""geoId"": {""0"": ""16""},""rangeId"": {""0"": ""925""},""combinationTreeId"":{""0"":""21"",""@attributes"":{""prio"":1}}},{""geoId"": {""0"": ""16""},""rangeId"": {""0"": ""926""},""combinationTreeId"":{""0"":""21"",""@attributes"":{""prio"":1}}},{""geoId"": {""0"": ""16""},""rangeId"": {""0"": ""927""},""combinationTreeId"":{""0"":""21"",""@attributes"":{""prio"":1}}}]",1,"Platinium 1,5 Transition Ambre Court",X,48,0,"Platinium 1,5 Transition Ambre Court",3.66612E+12
206630,Platinum Hard U 1.5 TRN GEN 8-Amber,8591,3,,6,1,0,NOT_FOR_NIGHT_DRIVING,YES,ASPHERIC,NONE,,1,NONE,NONE,1,0,0,0,0,0,0,NONE,0,0,0,"[{""geoId"": {""0"": ""31""},""rangeId"": {""0"": ""441""},""combinationTreeId"":{""0"":""21"",""@attributes"":{""prio"":1}}},{""geoId"": {""0"": ""31""},""rangeId"": {""0"": ""442""},""combinationTreeId"":{""0"":""21"",""@attributes"":{""prio"":1}}},{""geoId"": {""0"": ""31""},""rangeId"": {""0"": ""443""},""combinationTreeId"":{""0"":""21"",""@attributes"":{""prio"":1}}},{""geoId"": {""0"": ""31""},""rangeId"": {""0"": ""444""},""combinationTreeId"":{""0"":""21"",""@attributes"":{""prio"":1}}},{""geoId"": {""0"": ""31""},""rangeId"": {""0"": ""714""},""combinationTreeId"":{""0"":""21"",""@attributes"":{""prio"":1}}},{""geoId"": {""0"": ""31""},""rangeId"": {""0"": ""715""},""combinationTreeId"":{""0"":""21"",""@attributes"":{""prio"":1}}},{""geoId"": {""0"": ""31""},""rangeId"": {""0"": ""924""},""combinationTreeId"":{""0"":""21"",""@attributes"":{""prio"":1}}},{""geoId"": {""0"": ""31""},""rangeId"": {""0"": ""925""},""combinationTreeId"":{""0"":""21"",""@attributes"":{""prio"":1}}},{""geoId"": {""0"": ""31""},""rangeId"": {""0"": ""926""},""combinationTreeId"":{""0"":""21"",""@attributes"":{""prio"":1}}},{""geoId"": {""0"": ""31""},""rangeId"": {""0"": ""927""},""combinationTreeId"":{""0"":""21"",""@attributes"":{""prio"":1}}}]",1,"Platinium 1,5 Transition Ambre Très Court",X,48,0,"Platinium 1,5 Transition Ambre Très Court",3.66612E+12
206627,Platinum Hard R 1.5 TRN GEN 8-Amber,4354,3,,6,1,0,NOT_FOR_NIGHT_DRIVING,YES,ASPHERIC,NONE,,1,NONE,NONE,1,0,0,0,0,0,0,NONE,0,0,0,"[{""geoId"": {""0"": ""14""},""rangeId"": {""0"": ""441""},""combinationTreeId"":{""0"":""21"",""@attributes"":{""prio"":1}}},{""geoId"": {""0"": ""14""},""rangeId"": {""0"": ""442""},""combinationTreeId"":{""0"":""21"",""@attributes"":{""prio"":1}}},{""geoId"": {""0"": ""14""},""rangeId"": {""0"": ""443""},""combinationTreeId"":{""0"":""21"",""@attributes"":{""prio"":1}}},{""geoId"": {""0"": ""14""},""rangeId"": {""0"": ""444""},""combinationTreeId"":{""0"":""21"",""@attributes"":{""prio"":1}}},{""geoId"": {""0"": ""14""},""rangeId"": {""0"": ""714""},""combinationTreeId"":{""0"":""21"",""@attributes"":{""prio"":1}}},{""geoId"": {""0"": ""14""},""rangeId"": {""0"": ""715""},""combinationTreeId"":{""0"":""21"",""@attributes"":{""prio"":1}}},{""geoId"": {""0"": ""14""},""rangeId"": {""0"": ""924""},""combinationTreeId"":{""0"":""21"",""@attributes"":{""prio"":1}}},{""geoId"": {""0"": ""14""},""rangeId"": {""0"": ""925""},""combinationTreeId"":{""0"":""21"",""@attributes"":{""prio"":1}}},{""geoId"": {""0"": ""14""},""rangeId"": {""0"": ""926""},""combinationTreeId"":{""0"":""21"",""@attributes"":{""prio"":1}}},{""geoId"": {""0"": ""14""},""rangeId"": {""0"": ""927""},""combinationTreeId"":{""0"":""21"",""@attributes"":{""prio"":1}}}]",1,"Elysium 1,5 Transition Ambre Long",X,48,0,"Elysium 1,5 Transition Ambre Long",3.66612E+12
206628,Platinum Hard S 1.5 TRN GEN 8-Amber,4353,3,,6,1,0,NOT_FOR_NIGHT_DRIVING,YES,ASPHERIC,NONE,,1,NONE,NONE,1,0,0,0,0,0,0,NONE,0,0,0,"[{""geoId"": {""0"": ""15""},""rangeId"": {""0"": ""441""},""combinationTreeId"":{""0"":""21"",""@attributes"":{""prio"":1}}},{""geoId"": {""0"": ""15""},""rangeId"": {""0"": ""442""},""combinationTreeId"":{""0"":""21"",""@attributes"":{""prio"":1}}},{""geoId"": {""0"": ""15""},""rangeId"": {""0"": ""443""},""combinationTreeId"":{""0"":""21"",""@attributes"":{""prio"":1}}},{""geoId"": {""0"": ""15""},""rangeId"": {""0"": ""444""},""combinationTreeId"":{""0"":""21"",""@attributes"":{""prio"":1}}},{""geoId"": {""0"": ""15""},""rangeId"": {""0"": ""714""},""combinationTreeId"":{""0"":""21"",""@attributes"":{""prio"":1}}},{""geoId"": {""0"": ""15""},""rangeId"": {""0"": ""715""},""combinationTreeId"":{""0"":""21"",""@attributes"":{""prio"":1}}},{""geoId"": {""0"": ""15""},""rangeId"": {""0"": ""924""},""combinationTreeId"":{""0"":""21"",""@attributes"":{""prio"":1}}},{""geoId"": {""0"": ""15""},""rangeId"": {""0"": ""925""},""combinationTreeId"":{""0"":""21"",""@attributes"":{""prio"":1}}},{""geoId"": {""0"": ""15""},""rangeId"": {""0"": ""926""},""combinationTreeId"":{""0"":""21"",""@attributes"":{""prio"":1}}},{""geoId"": {""0"": ""15""},""rangeId"": {""0"": ""927""},""combinationTreeId"":{""0"":""21"",""@attributes"":{""prio"":1}}}]",1,"Elysium 1,5 Transition Ambre Moyen",X,48,0,"Elysium 1,5 Transition Ambre Moyen",3.66612E+12
206629,Platinum Hard E 1.5 TRN GEN 8-Amber,4352,3,,6,1,0,NOT_FOR_NIGHT_DRIVING,YES,ASPHERIC,NONE,,1,NONE,NONE,1,0,0,0,0,0,0,NONE,0,0,0,"[{""geoId"": {""0"": ""16""},""rangeId"": {""0"": ""441""},""combinationTreeId"":{""0"":""21"",""@attributes"":{""prio"":1}}},{""geoId"": {""0"": ""16""},""rangeId"": {""0"": ""442""},""combinationTreeId"":{""0"":""21"",""@attributes"":{""prio"":1}}},{""geoId"": {""0"": ""16""},""rangeId"": {""0"": ""443""},""combinationTreeId"":{""0"":""21"",""@attributes"":{""prio"":1}}},{""geoId"": {""0"": ""16""},""rangeId"": {""0"": ""444""},""combinationTreeId"":{""0"":""21"",""@attributes"":{""prio"":1}}},{""geoId"": {""0"": ""16""},""rangeId"": {""0"": ""714""},""combinationTreeId"":{""0"":""21"",""@attributes"":{""prio"":1}}},{""geoId"": {""0"": ""16""},""rangeId"": {""0"": ""715""},""combinationTreeId"":{""0"":""21"",""@attributes"":{""prio"":1}}},{""geoId"": {""0"": ""16""},""rangeId"": {""0"": ""924""},""combinationTreeId"":{""0"":""21"",""@attributes"":{""prio"":1}}},{""geoId"": {""0"": ""16""},""rangeId"": {""0"": ""925""},""combinationTreeId"":{""0"":""21"",""@attributes"":{""prio"":1}}},{""geoId"": {""0"": ""16""},""rangeId"": {""0"": ""926""},""combinationTreeId"":{""0"":""21"",""@attributes"":{""prio"":1}}},{""geoId"": {""0"": ""16""},""rangeId"": {""0"": ""927""},""combinationTreeId"":{""0"":""21"",""@attributes"":{""prio"":1}}}]",1,"Elysium 1,5 Transition Ambre Court",X,48,0,"Elysium 1,5 Transition Ambre Court",3.66612E+12
206630,Platinum Hard U 1.5 TRN GEN 8-Amber,4351,3,,6,1,0,NOT_FOR_NIGHT_DRIVING,YES,ASPHERIC,NONE,,1,NONE,NONE,1,0,0,0,0,0,0,NONE,0,0,0,"[{""geoId"": {""0"": ""31""},""rangeId"": {""0"": ""441""},""combinationTreeId"":{""0"":""21"",""@attributes"":{""prio"":1}}},{""geoId"": {""0"": ""31""},""rangeId"": {""0"": ""442""},""combinationTreeId"":{""0"":""21"",""@attributes"":{""prio"":1}}},{""geoId"": {""0"": ""31""},""rangeId"": {""0"": ""443""},""combinationTreeId"":{""0"":""21"",""@attributes"":{""prio"":1}}},{""geoId"": {""0"": ""31""},""rangeId"": {""0"": ""444""},""combinationTreeId"":{""0"":""21"",""@attributes"":{""prio"":1}}},{""geoId"": {""0"": ""31""},""rangeId"": {""0"": ""714""},""combinationTreeId"":{""0"":""21"",""@attributes"":{""prio"":1}}},{""geoId"": {""0"": ""31""},""rangeId"": {""0"": ""715""},""combinationTreeId"":{""0"":""21"",""@attributes"":{""prio"":1}}},{""geoId"": {""0"": ""31""},""rangeId"": {""0"": ""924""},""combinationTreeId"":{""0"":""21"",""@attributes"":{""prio"":1}}},{""geoId"": {""0"": ""31""},""rangeId"": {""0"": ""925""},""combinationTreeId"":{""0"":""21"",""@attributes"":{""prio"":1}}},{""geoId"": {""0"": ""31""},""rangeId"": {""0"": ""926""},""combinationTreeId"":{""0"":""21"",""@attributes"":{""prio"":1}}},{""geoId"": {""0"": ""31""},""rangeId"": {""0"": ""927""},""combinationTreeId"":{""0"":""21"",""@attributes"":{""prio"":1}}}]",1,"Elysium 1,5 Transition Ambre Très Court",X,48,0,"Elysium 1,5 Transition Ambre Très Court",3.66612E+12
206631,Omega R 1.5 TRN GEN 8-Amber,5554,3,,40,1,0,,YES,ASPHERIC,NONE,,1,NONE,NONE,1,0,0,0,0,0,0,NONE,0,0,0,"[{""geoId"": {""0"": ""14""},""rangeId"": {""0"": ""331""},""combinationTreeId"":{""0"":""21"",""@attributes"":{""prio"":1}}},{""geoId"": {""0"": ""14""},""rangeId"": {""0"": ""332""},""combinationTreeId"":{""0"":""21"",""@attributes"":{""prio"":1}}},{""geoId"": {""0"": ""14""},""rangeId"": {""0"": ""333""},""combinationTreeId"":{""0"":""21"",""@attributes"":{""prio"":1}}},{""geoId"": {""0"": ""14""},""rangeId"": {""0"": ""334""},""combinationTreeId"":{""0"":""21"",""@attributes"":{""prio"":1}}},{""geoId"": {""0"": ""14""},""rangeId"": {""0"": ""341""},""combinationTreeId"":{""0"":""21"",""@attributes"":{""prio"":1}}},{""geoId"": {""0"": ""14""},""rangeId"": {""0"": ""342""},""combinationTreeId"":{""0"":""21"",""@attributes"":{""prio"":1}}},{""geoId"": {""0"": ""14""},""rangeId"": {""0"": ""421""},""combinationTreeId"":{""0"":""21"",""@attributes"":{""prio"":1}}},{""geoId"": {""0"": ""14""},""rangeId"": {""0"": ""422""},""combinationTreeId"":{""0"":""21"",""@attributes"":{""prio"":1}}},{""geoId"": {""0"": ""14""},""rangeId"": {""0"": ""423""},""combinationTreeId"":{""0"":""21"",""@attributes"":{""prio"":1}}},{""geoId"": {""0"": ""14""},""rangeId"": {""0"": ""424""},""combinationTreeId"":{""0"":""21"",""@attributes"":{""prio"":1}}}]",1,"Omega 1,5 Transition Ambre Long",X,56,0,"Omega 1,5 Transition Ambre Long",3.66612E+12
206632,Omega S 1.5 TRN GEN 8-Amber,5553,3,,40,1,0,,YES,ASPHERIC,NONE,,1,NONE,NONE,1,0,0,0,0,0,0,NONE,0,0,0,"[{""geoId"": {""0"": ""15""},""rangeId"": {""0"": ""331""},""combinationTreeId"":{""0"":""21"",""@attributes"":{""prio"":1}}},{""geoId"": {""0"": ""15""},""rangeId"": {""0"": ""332""},""combinationTreeId"":{""0"":""21"",""@attributes"":{""prio"":1}}},{""geoId"": {""0"": ""15""},""rangeId"": {""0"": ""333""},""combinationTreeId"":{""0"":""21"",""@attributes"":{""prio"":1}}},{""geoId"": {""0"": ""15""},""rangeId"": {""0"": ""334""},""combinationTreeId"":{""0"":""21"",""@attributes"":{""prio"":1}}},{""geoId"": {""0"": ""15""},""rangeId"": {""0"": ""341""},""combinationTreeId"":{""0"":""21"",""@attributes"":{""prio"":1}}},{""geoId"": {""0"": ""15""},""rangeId"": {""0"": ""342""},""combinationTreeId"":{""0"":""21"",""@attributes"":{""prio"":1}}},{""geoId"": {""0"": ""15""},""rangeId"": {""0"": ""421""},""combinationTreeId"":{""0"":""21"",""@attributes"":{""prio"":1}}},{""geoId"": {""0"": ""15""},""rangeId"": {""0"": ""422""},""combinationTreeId"":{""0"":""21"",""@attributes"":{""prio"":1}}},{""geoId"": {""0"": ""15""},""rangeId"": {""0"": ""423""},""combinationTreeId"":{""0"":""21"",""@attributes"":{""prio"":1}}},{""geoId"": {""0"": ""15""},""rangeId"": {""0"": ""424""},""combinationTreeId"":{""0"":""21"",""@attributes"":{""prio"":1}}}]",1,"Omega 1,5 Transition Ambre Moyen",X,56,0,"Omega 1,5 Transition Ambre Moyen",3.66612E+12
206633,Omega E 1.5 TRN GEN 8-Amber,5552,3,,40,1,0,,YES,ASPHERIC,NONE,,1,NONE,NONE,1,0,0,0,0,0,0,NONE,0,0,0,"[{""geoId"": {""0"": ""16""},""rangeId"": {""0"": ""331""},""combinationTreeId"":{""0"":""21"",""@attributes"":{""prio"":1}}},{""geoId"": {""0"": ""16""},""rangeId"": {""0"": ""332""},""combinationTreeId"":{""0"":""21"",""@attributes"":{""prio"":1}}},{""geoId"": {""0"": ""16""},""rangeId"": {""0"": ""333""},""combinationTreeId"":{""0"":""21"",""@attributes"":{""prio"":1}}},{""geoId"": {""0"": ""16""},""rangeId"": {""0"": ""334""},""combinationTreeId"":{""0"":""21"",""@attributes"":{""prio"":1}}},{""geoId"": {""0"": ""16""},""rangeId"": {""0"": ""341""},""combinationTreeId"":{""0"":""21"",""@attributes"":{""prio"":1}}},{""geoId"": {""0"": ""16""},""rangeId"": {""0"": ""342""},""combinationTreeId"":{""0"":""21"",""@attributes"":{""prio"":1}}},{""geoId"": {""0"": ""16""},""rangeId"": {""0"": ""421""},""combinationTreeId"":{""0"":""21"",""@attributes"":{""prio"":1}}},{""geoId"": {""0"": ""16""},""rangeId"": {""0"": ""422""},""combinationTreeId"":{""0"":""21"",""@attributes"":{""prio"":1}}},{""geoId"": {""0"": ""16""},""rangeId"": {""0"": ""423""},""combinationTreeId"":{""0"":""21"",""@attributes"":{""prio"":1}}},{""geoId"": {""0"": ""16""},""rangeId"": {""0"": ""424""},""combinationTreeId"":{""0"":""21"",""@attributes"":{""prio"":1}}}]",1,"Omega 1,5 Transition Ambre Court",X,56,0,"Omega 1,5 Transition Ambre Court",3.66612E+12
206634,Omega U 1.5 TRN GEN 8-Amber,5551,3,,40,1,0,,YES,ASPHERIC,NONE,,1,NONE,NONE,1,0,0,0,0,0,0,NONE,0,0,0,"[{""geoId"": {""0"": ""31""},""rangeId"": {""0"": ""381""},""combinationTreeId"":{""0"":""20"",""@attributes"":{""prio"":1}}},{""geoId"": {""0"": ""31""},""rangeId"": {""0"": ""382""},""combinationTreeId"":{""0"":""20"",""@attributes"":{""prio"":1}}},{""geoId"": {""0"": ""31""},""rangeId"": {""0"": ""383""},""combinationTreeId"":{""0"":""20"",""@attributes"":{""prio"":1}}},{""geoId"": {""0"": ""31""},""rangeId"": {""0"": ""384""},""combinationTreeId"":{""0"":""20"",""@attributes"":{""prio"":1}}},{""geoId"": {""0"": ""31""},""rangeId"": {""0"": ""385""},""combinationTreeId"":{""0"":""20"",""@attributes"":{""prio"":1}}},{""geoId"": {""0"": ""31""},""rangeId"": {""0"": ""386""},""combinationTreeId"":{""0"":""20"",""@attributes"":{""prio"":1}}},{""geoId"": {""0"": ""31""},""rangeId"": {""0"": ""387""},""combinationTreeId"":{""0"":""20"",""@attributes"":{""prio"":1}}},{""geoId"": {""0"": ""31""},""rangeId"": {""0"": ""388""},""combinationTreeId"":{""0"":""20"",""@attributes"":{""prio"":1}}}]",1,"Omega 1,5 Transition Ambre Très Court",X,56,0,"Omega 1,5 Transition Ambre Très Court",3.66612E+12
206642,EyeFatigue 050 1.5 TRN GEN 8-Amber,2311,4,,40,1,0,,YES,ASPHERIC,NONE,,1,NONE,NONE,0,0,0,0,0,0,0,NONE,0,0,0,"[{""geoId"": {""0"": ""25""},""rangeId"": {""0"": ""181""},""combinationTreeId"":{""0"":""21"",""@attributes"":{""prio"":1}}},{""geoId"": {""0"": ""25""},""rangeId"": {""0"": ""182""},""combinationTreeId"":{""0"":""21"",""@attributes"":{""prio"":1}}},{""geoId"": {""0"": ""25""},""rangeId"": {""0"": ""183""},""combinationTreeId"":{""0"":""21"",""@attributes"":{""prio"":1}}},{""geoId"": {""0"": ""25""},""rangeId"": {""0"": ""184""},""combinationTreeId"":{""0"":""21"",""@attributes"":{""prio"":1}}},{""geoId"": {""0"": ""25""},""rangeId"": {""0"": ""628""},""combinationTreeId"":{""0"":""21"",""@attributes"":{""prio"":1}}},{""geoId"": {""0"": ""25""},""rangeId"": {""0"": ""226""},""combinationTreeId"":{""0"":""21"",""@attributes"":{""prio"":1}}}]",1,"Eyefatigue 1,5 Transition Ambre 0,50",X,34,0,"Eyefatigue 1,5 Transition Ambre 0,50",3.66612E+12
206643,EyeFatigue 075 1.5 TRN GEN 8-Amber,2312,4,,40,1,0,,YES,ASPHERIC,NONE,,1,NONE,NONE,0,0,0,0,0,0,0,NONE,0,0,0,"[{""geoId"": {""0"": ""25""},""rangeId"": {""0"": ""181""},""combinationTreeId"":{""0"":""21"",""@attributes"":{""prio"":1}}},{""geoId"": {""0"": ""25""},""rangeId"": {""0"": ""182""},""combinationTreeId"":{""0"":""21"",""@attributes"":{""prio"":1}}},{""geoId"": {""0"": ""25""},""rangeId"": {""0"": ""183""},""combinationTreeId"":{""0"":""21"",""@attributes"":{""prio"":1}}},{""geoId"": {""0"": ""25""},""rangeId"": {""0"": ""184""},""combinationTreeId"":{""0"":""21"",""@attributes"":{""prio"":1}}},{""geoId"": {""0"": ""25""},""rangeId"": {""0"": ""628""},""combinationTreeId"":{""0"":""21"",""@attributes"":{""prio"":1}}},{""geoId"": {""0"": ""25""},""rangeId"": {""0"": ""226""},""combinationTreeId"":{""0"":""21"",""@attributes"":{""prio"":1}}}]",1,"Eyefatigue 1,5 Transition Ambre 0,75",X,34,0,"Eyefatigue 1,5 Transition Ambre 0,75",3.66612E+12
206644,EyeFatigue 100 1.5 TRN GEN 8-Amber,2313,4,,40,1,0,,YES,ASPHERIC,NONE,,1,NONE,NONE,0,0,0,0,0,0,0,NONE,0,0,0,"[{""geoId"": {""0"": ""46""},""rangeId"": {""0"": ""181""},""combinationTreeId"":{""0"":""21"",""@attributes"":{""prio"":1}}},{""geoId"": {""0"": ""46""},""rangeId"": {""0"": ""182""},""combinationTreeId"":{""0"":""21"",""@attributes"":{""prio"":1}}},{""geoId"": {""0"": ""46""},""rangeId"": {""0"": ""183""},""combinationTreeId"":{""0"":""21"",""@attributes"":{""prio"":1}}},{""geoId"": {""0"": ""46""},""rangeId"": {""0"": ""184""},""combinationTreeId"":{""0"":""21"",""@attributes"":{""prio"":1}}},{""geoId"": {""0"": ""46""},""rangeId"": {""0"": ""628""},""combinationTreeId"":{""0"":""21"",""@attributes"":{""prio"":1}}},{""geoId"": {""0"": ""46""},""rangeId"": {""0"": ""226""},""combinationTreeId"":{""0"":""21"",""@attributes"":{""prio"":1}}}]",1,"Eyefatigue 1,5 Transition Ambre 1,00",X,34,0,"Eyefatigue 1,5 Transition Ambre 1,00",3.66612E+12
206660,T-One  18 1.5 TRN GEN 8-Amber,13724,3,,6,1,0,NOT_FOR_NIGHT_DRIVING,YES,ASPHERIC,NONE,,1,NONE,NONE,1,0,0,0,0,0,0,NONE,0,0,0,"[{""geoId"": {""0"": ""43""},""rangeId"": {""0"": ""441""},""combinationTreeId"":{""0"":""21"",""@attributes"":{""prio"":1}}},{""geoId"": {""0"": ""43""},""rangeId"": {""0"": ""442""},""combinationTreeId"":{""0"":""21"",""@attributes"":{""prio"":1}}},{""geoId"": {""0"": ""43""},""rangeId"": {""0"": ""443""},""combinationTreeId"":{""0"":""21"",""@attributes"":{""prio"":1}}},{""geoId"": {""0"": ""43""},""rangeId"": {""0"": ""444""},""combinationTreeId"":{""0"":""21"",""@attributes"":{""prio"":1}}},{""geoId"": {""0"": ""43""},""rangeId"": {""0"": ""714""},""combinationTreeId"":{""0"":""21"",""@attributes"":{""prio"":1}}},{""geoId"": {""0"": ""43""},""rangeId"": {""0"": ""715""},""combinationTreeId"":{""0"":""21"",""@attributes"":{""prio"":1}}},{""geoId"": {""0"": ""43""},""rangeId"": {""0"": ""924""},""combinationTreeId"":{""0"":""21"",""@attributes"":{""prio"":1}}},{""geoId"": {""0"": ""43""},""rangeId"": {""0"": ""925""},""combinationTreeId"":{""0"":""21"",""@attributes"":{""prio"":1}}},{""geoId"": {""0"": ""43""},""rangeId"": {""0"": ""926""},""combinationTreeId"":{""0"":""21"",""@attributes"":{""prio"":1}}},{""geoId"": {""0"": ""43""},""rangeId"": {""0"": ""927""},""combinationTreeId"":{""0"":""21"",""@attributes"":{""prio"":1}}}]",1,"T-One 1,5 Transition Ambre Long",X,31,0,"T-One 1,5 Transition Ambre Long",3.66612E+12
206661,T-One  17 1.5 TRN GEN 8-Amber,13723,3,,6,1,0,NOT_FOR_NIGHT_DRIVING,YES,ASPHERIC,NONE,,1,NONE,NONE,1,0,0,0,0,0,0,NONE,0,0,0,"[{""geoId"": {""0"": ""41""},""rangeId"": {""0"": ""441""},""combinationTreeId"":{""0"":""21"",""@attributes"":{""prio"":1}}},{""geoId"": {""0"": ""41""},""rangeId"": {""0"": ""442""},""combinationTreeId"":{""0"":""21"",""@attributes"":{""prio"":1}}},{""geoId"": {""0"": ""41""},""rangeId"": {""0"": ""443""},""combinationTreeId"":{""0"":""21"",""@attributes"":{""prio"":1}}},{""geoId"": {""0"": ""41""},""rangeId"": {""0"": ""444""},""combinationTreeId"":{""0"":""21"",""@attributes"":{""prio"":1}}},{""geoId"": {""0"": ""41""},""rangeId"": {""0"": ""714""},""combinationTreeId"":{""0"":""21"",""@attributes"":{""prio"":1}}},{""geoId"": {""0"": ""41""},""rangeId"": {""0"": ""715""},""combinationTreeId"":{""0"":""21"",""@attributes"":{""prio"":1}}},{""geoId"": {""0"": ""41""},""rangeId"": {""0"": ""924""},""combinationTreeId"":{""0"":""21"",""@attributes"":{""prio"":1}}},{""geoId"": {""0"": ""41""},""rangeId"": {""0"": ""925""},""combinationTreeId"":{""0"":""21"",""@attributes"":{""prio"":1}}},{""geoId"": {""0"": ""41""},""rangeId"": {""0"": ""926""},""combinationTreeId"":{""0"":""21"",""@attributes"":{""prio"":1}}},{""geoId"": {""0"": ""41""},""rangeId"": {""0"": ""927""},""combinationTreeId"":{""0"":""21"",""@attributes"":{""prio"":1}}}]",1,"T-One 1,5 Transition Ambre Moyen",X,31,0,"T-One 1,5 Transition Ambre Moyen",3.66612E+12
206662,T-One  16 1.5 TRN GEN 8-Amber,13722,3,,6,1,0,NOT_FOR_NIGHT_DRIVING,YES,ASPHERIC,NONE,,1,NONE,NONE,1,0,0,0,0,0,0,NONE,0,0,0,"[{""geoId"": {""0"": ""45""},""rangeId"": {""0"": ""441""},""combinationTreeId"":{""0"":""21"",""@attributes"":{""prio"":1}}},{""geoId"": {""0"": ""45""},""rangeId"": {""0"": ""442""},""combinationTreeId"":{""0"":""21"",""@attributes"":{""prio"":1}}},{""geoId"": {""0"": ""45""},""rangeId"": {""0"": ""443""},""combinationTreeId"":{""0"":""21"",""@attributes"":{""prio"":1}}},{""geoId"": {""0"": ""45""},""rangeId"": {""0"": ""444""},""combinationTreeId"":{""0"":""21"",""@attributes"":{""prio"":1}}},{""geoId"": {""0"": ""45""},""rangeId"": {""0"": ""714""},""combinationTreeId"":{""0"":""21"",""@attributes"":{""prio"":1}}},{""geoId"": {""0"": ""45""},""rangeId"": {""0"": ""715""},""combinationTreeId"":{""0"":""21"",""@attributes"":{""prio"":1}}},{""geoId"": {""0"": ""45""},""rangeId"": {""0"": ""924""},""combinationTreeId"":{""0"":""21"",""@attributes"":{""prio"":1}}},{""geoId"": {""0"": ""45""},""rangeId"": {""0"": ""925""},""combinationTreeId"":{""0"":""21"",""@attributes"":{""prio"":1}}},{""geoId"": {""0"": ""45""},""rangeId"": {""0"": ""926""},""combinationTreeId"":{""0"":""21"",""@attributes"":{""prio"":1}}},{""geoId"": {""0"": ""45""},""rangeId"": {""0"": ""927""},""combinationTreeId"":{""0"":""21"",""@attributes"":{""prio"":1}}}]",1,"T-One 1,5 Transition Ambre Court",X,31,0,"T-One 1,5 Transition Ambre Court",3.66612E+12
206663,T-One  15 1.5 TRN GEN 8-Amber,13721,3,,6,1,0,NOT_FOR_NIGHT_DRIVING,YES,ASPHERIC,NONE,,1,NONE,NONE,1,0,0,0,0,0,0,NONE,0,0,0,"[{""geoId"": {""0"": ""42""},""rangeId"": {""0"": ""441""},""combinationTreeId"":{""0"":""21"",""@attributes"":{""prio"":1}}},{""geoId"": {""0"": ""42""},""rangeId"": {""0"": ""442""},""combinationTreeId"":{""0"":""21"",""@attributes"":{""prio"":1}}},{""geoId"": {""0"": ""42""},""rangeId"": {""0"": ""443""},""combinationTreeId"":{""0"":""21"",""@attributes"":{""prio"":1}}},{""geoId"": {""0"": ""42""},""rangeId"": {""0"": ""714""},""combinationTreeId"":{""0"":""21"",""@attributes"":{""prio"":1}}},{""geoId"": {""0"": ""42""},""rangeId"": {""0"": ""924""},""combinationTreeId"":{""0"":""21"",""@attributes"":{""prio"":1}}},{""geoId"": {""0"": ""42""},""rangeId"": {""0"": ""926""},""combinationTreeId"":{""0"":""21"",""@attributes"":{""prio"":1}}}]",1,"T-One 1,5 Transition Ambre Très Court",X,31,0,"T-One 1,5 Transition Ambre Très Court",3.66612E+12
206660,T-One  18 1.5 TRN GEN 8-Amber,16524,3,,6,1,0,NOT_FOR_NIGHT_DRIVING,YES,ASPHERIC,NONE,,1,NONE,NONE,1,0,0,0,0,0,0,NONE,0,0,0,"[{""geoId"": {""0"": ""43""},""rangeId"": {""0"": ""441""},""combinationTreeId"":{""0"":""21"",""@attributes"":{""prio"":1}}},{""geoId"": {""0"": ""43""},""rangeId"": {""0"": ""442""},""combinationTreeId"":{""0"":""21"",""@attributes"":{""prio"":1}}},{""geoId"": {""0"": ""43""},""rangeId"": {""0"": ""443""},""combinationTreeId"":{""0"":""21"",""@attributes"":{""prio"":1}}},{""geoId"": {""0"": ""43""},""rangeId"": {""0"": ""444""},""combinationTreeId"":{""0"":""21"",""@attributes"":{""prio"":1}}},{""geoId"": {""0"": ""43""},""rangeId"": {""0"": ""714""},""combinationTreeId"":{""0"":""21"",""@attributes"":{""prio"":1}}},{""geoId"": {""0"": ""43""},""rangeId"": {""0"": ""715""},""combinationTreeId"":{""0"":""21"",""@attributes"":{""prio"":1}}},{""geoId"": {""0"": ""43""},""rangeId"": {""0"": ""924""},""combinationTreeId"":{""0"":""21"",""@attributes"":{""prio"":1}}},{""geoId"": {""0"": ""43""},""rangeId"": {""0"": ""925""},""combinationTreeId"":{""0"":""21"",""@attributes"":{""prio"":1}}},{""geoId"": {""0"": ""43""},""rangeId"": {""0"": ""926""},""combinationTreeId"":{""0"":""21"",""@attributes"":{""prio"":1}}},{""geoId"": {""0"": ""43""},""rangeId"": {""0"": ""927""},""combinationTreeId"":{""0"":""21"",""@attributes"":{""prio"":1}}}]",1,"E-Space 1,5 Transition Ambre Long",X,40,0,"E-Space 1,5 Transition Ambre Long",3.66612E+12
206661,T-One  17 1.5 TRN GEN 8-Amber,16523,3,,6,1,0,NOT_FOR_NIGHT_DRIVING,YES,ASPHERIC,NONE,,1,NONE,NONE,1,0,0,0,0,0,0,NONE,0,0,0,"[{""geoId"": {""0"": ""41""},""rangeId"": {""0"": ""441""},""combinationTreeId"":{""0"":""21"",""@attributes"":{""prio"":1}}},{""geoId"": {""0"": ""41""},""rangeId"": {""0"": ""442""},""combinationTreeId"":{""0"":""21"",""@attributes"":{""prio"":1}}},{""geoId"": {""0"": ""41""},""rangeId"": {""0"": ""443""},""combinationTreeId"":{""0"":""21"",""@attributes"":{""prio"":1}}},{""geoId"": {""0"": ""41""},""rangeId"": {""0"": ""444""},""combinationTreeId"":{""0"":""21"",""@attributes"":{""prio"":1}}},{""geoId"": {""0"": ""41""},""rangeId"": {""0"": ""714""},""combinationTreeId"":{""0"":""21"",""@attributes"":{""prio"":1}}},{""geoId"": {""0"": ""41""},""rangeId"": {""0"": ""715""},""combinationTreeId"":{""0"":""21"",""@attributes"":{""prio"":1}}},{""geoId"": {""0"": ""41""},""rangeId"": {""0"": ""924""},""combinationTreeId"":{""0"":""21"",""@attributes"":{""prio"":1}}},{""geoId"": {""0"": ""41""},""rangeId"": {""0"": ""925""},""combinationTreeId"":{""0"":""21"",""@attributes"":{""prio"":1}}},{""geoId"": {""0"": ""41""},""rangeId"": {""0"": ""926""},""combinationTreeId"":{""0"":""21"",""@attributes"":{""prio"":1}}},{""geoId"": {""0"": ""41""},""rangeId"": {""0"": ""927""},""combinationTreeId"":{""0"":""21"",""@attributes"":{""prio"":1}}}]",1,"E-Space 1,5 Transition Ambre Moyen",X,40,0,"E-Space 1,5 Transition Ambre Moyen",3.66612E+12
206662,T-One  16 1.5 TRN GEN 8-Amber,16522,3,,6,1,0,NOT_FOR_NIGHT_DRIVING,YES,ASPHERIC,NONE,,1,NONE,NONE,1,0,0,0,0,0,0,NONE,0,0,0,"[{""geoId"": {""0"": ""45""},""rangeId"": {""0"": ""441""},""combinationTreeId"":{""0"":""21"",""@attributes"":{""prio"":1}}},{""geoId"": {""0"": ""45""},""rangeId"": {""0"": ""442""},""combinationTreeId"":{""0"":""21"",""@attributes"":{""prio"":1}}},{""geoId"": {""0"": ""45""},""rangeId"": {""0"": ""443""},""combinationTreeId"":{""0"":""21"",""@attributes"":{""prio"":1}}},{""geoId"": {""0"": ""45""},""rangeId"": {""0"": ""444""},""combinationTreeId"":{""0"":""21"",""@attributes"":{""prio"":1}}},{""geoId"": {""0"": ""45""},""rangeId"": {""0"": ""714""},""combinationTreeId"":{""0"":""21"",""@attributes"":{""prio"":1}}},{""geoId"": {""0"": ""45""},""rangeId"": {""0"": ""715""},""combinationTreeId"":{""0"":""21"",""@attributes"":{""prio"":1}}},{""geoId"": {""0"": ""45""},""rangeId"": {""0"": ""924""},""combinationTreeId"":{""0"":""21"",""@attributes"":{""prio"":1}}},{""geoId"": {""0"": ""45""},""rangeId"": {""0"": ""925""},""combinationTreeId"":{""0"":""21"",""@attributes"":{""prio"":1}}},{""geoId"": {""0"": ""45""},""rangeId"": {""0"": ""926""},""combinationTreeId"":{""0"":""21"",""@attributes"":{""prio"":1}}},{""geoId"": {""0"": ""45""},""rangeId"": {""0"": ""927""},""combinationTreeId"":{""0"":""21"",""@attributes"":{""prio"":1}}}]",1,"E-Space 1,5 Transition Ambre Court",X,40,0,"E-Space 1,5 Transition Ambre Court",3.66612E+12
206663,T-One  15 1.5 TRN GEN 8-Amber,16521,3,,6,1,0,NOT_FOR_NIGHT_DRIVING,YES,ASPHERIC,NONE,,1,NONE,NONE,1,0,0,0,0,0,0,NONE,0,0,0,"[{""geoId"": {""0"": ""42""},""rangeId"": {""0"": ""441""},""combinationTreeId"":{""0"":""21"",""@attributes"":{""prio"":1}}},{""geoId"": {""0"": ""42""},""rangeId"": {""0"": ""442""},""combinationTreeId"":{""0"":""21"",""@attributes"":{""prio"":1}}},{""geoId"": {""0"": ""42""},""rangeId"": {""0"": ""443""},""combinationTreeId"":{""0"":""21"",""@attributes"":{""prio"":1}}},{""geoId"": {""0"": ""42""},""rangeId"": {""0"": ""714""},""combinationTreeId"":{""0"":""21"",""@attributes"":{""prio"":1}}},{""geoId"": {""0"": ""42""},""rangeId"": {""0"": ""924""},""combinationTreeId"":{""0"":""21"",""@attributes"":{""prio"":1}}},{""geoId"": {""0"": ""42""},""rangeId"": {""0"": ""926""},""combinationTreeId"":{""0"":""21"",""@attributes"":{""prio"":1}}}]",1,"E-Space 1,5 Transition Ambre Très Court",X,40,0,"E-Space 1,5 Transition Ambre Très Court",3.66612E+12
206664,Top Office 1.5 TRN GEN 8-Amber,13111,4,,58,1,0,,NO,SPHERICAL,NONE,,1,NONE,NONE,0,0,0,0,0,0,0,NONE,0,0,0,"[{""geoId"": {""0"": ""47""},""rangeId"": {""0"": ""1100""},""combinationTreeId"":{""0"":""51"",""@attributes"":{""prio"":1}}},{""geoId"": {""0"": ""47""},""rangeId"": {""0"": ""1101""},""combinationTreeId"":{""0"":""51"",""@attributes"":{""prio"":1}}},{""geoId"": {""0"": ""47""},""rangeId"": {""0"": ""1102""},""combinationTreeId"":{""0"":""51"",""@attributes"":{""prio"":1}}},{""geoId"": {""0"": ""47""},""rangeId"": {""0"": ""1103""},""combinationTreeId"":{""0"":""51"",""@attributes"":{""prio"":1}}},{""geoId"": {""0"": ""47""},""rangeId"": {""0"": ""1104""},""combinationTreeId"":{""0"":""51"",""@attributes"":{""prio"":1}}},{""geoId"": {""0"": ""47""},""rangeId"": {""0"": ""1105""},""combinationTreeId"":{""0"":""51"",""@attributes"":{""prio"":1}}},{""geoId"": {""0"": ""47""},""rangeId"": {""0"": ""1106""},""combinationTreeId"":{""0"":""51"",""@attributes"":{""prio"":1}}},{""geoId"": {""0"": ""47""},""rangeId"": {""0"": ""1107""},""combinationTreeId"":{""0"":""51"",""@attributes"":{""prio"":1}}},{""geoId"": {""0"": ""47""},""rangeId"": {""0"": ""1108""},""combinationTreeId"":{""0"":""51"",""@attributes"":{""prio"":1}}},{""geoId"": {""0"": ""47""},""rangeId"": {""0"": ""1109""},""combinationTreeId"":{""0"":""51"",""@attributes"":{""prio"":1}}}]",1,"Top Office 1,5 Transition Ambre",X,31,0,"Top Office 1,5 Transition Ambre",3.66612E+12
206702,TRN GEN 8 1.5 AS - Emerald,134,1,,5,1,0,,YES,ASPHERIC,NONE,,1,NONE,NONE,1,0,0,0,0,0,0,NONE,0,0,0,"[{""geoId"": {""0"": ""1""},""rangeId"": {""0"": ""1573""},""combinationTreeId"":{""0"":""21"",""@attributes"":{""prio"":1}}},{""geoId"": {""0"": ""1""},""rangeId"": {""0"": ""1574""},""combinationTreeId"":{""0"":""21"",""@attributes"":{""prio"":1}}},{""geoId"": {""0"": ""1""},""rangeId"": {""0"": ""1575""},""combinationTreeId"":{""0"":""21"",""@attributes"":{""prio"":1}}},{""geoId"": {""0"": ""1""},""rangeId"": {""0"": ""1576""},""combinationTreeId"":{""0"":""21"",""@attributes"":{""prio"":1}}},{""geoId"": {""0"": ""1""},""rangeId"": {""0"": ""1577""},""combinationTreeId"":{""0"":""21"",""@attributes"":{""prio"":1}}}]",0,"Freestyle SV 1,5 Asphérique Transition Émeraude",X,35,0,"Freestyle SV 1,5 Asphérique Transition Émeraude",3.66612E+12
206705,Platinum Hard R 1.5 TRN GEN 8-Emerald,8598,3,,6,1,0,NOT_FOR_NIGHT_DRIVING,YES,ASPHERIC,NONE,,1,NONE,NONE,1,0,0,0,0,0,0,NONE,0,0,0,"[{""geoId"": {""0"": ""14""},""rangeId"": {""0"": ""441""},""combinationTreeId"":{""0"":""21"",""@attributes"":{""prio"":1}}},{""geoId"": {""0"": ""14""},""rangeId"": {""0"": ""442""},""combinationTreeId"":{""0"":""21"",""@attributes"":{""prio"":1}}},{""geoId"": {""0"": ""14""},""rangeId"": {""0"": ""443""},""combinationTreeId"":{""0"":""21"",""@attributes"":{""prio"":1}}},{""geoId"": {""0"": ""14""},""rangeId"": {""0"": ""444""},""combinationTreeId"":{""0"":""21"",""@attributes"":{""prio"":1}}},{""geoId"": {""0"": ""14""},""rangeId"": {""0"": ""714""},""combinationTreeId"":{""0"":""21"",""@attributes"":{""prio"":1}}},{""geoId"": {""0"": ""14""},""rangeId"": {""0"": ""715""},""combinationTreeId"":{""0"":""21"",""@attributes"":{""prio"":1}}},{""geoId"": {""0"": ""14""},""rangeId"": {""0"": ""924""},""combinationTreeId"":{""0"":""21"",""@attributes"":{""prio"":1}}},{""geoId"": {""0"": ""14""},""rangeId"": {""0"": ""925""},""combinationTreeId"":{""0"":""21"",""@attributes"":{""prio"":1}}},{""geoId"": {""0"": ""14""},""rangeId"": {""0"": ""926""},""combinationTreeId"":{""0"":""21"",""@attributes"":{""prio"":1}}},{""geoId"": {""0"": ""14""},""rangeId"": {""0"": ""927""},""combinationTreeId"":{""0"":""21"",""@attributes"":{""prio"":1}}}]",1,"Platinium 1,5 Transition Émeraude Long",X,48,0,"Platinium 1,5 Transition Émeraude Long",3.66612E+12
206706,Platinum Hard S 1.5 TRN GEN 8-Emerald,8597,3,,6,1,0,NOT_FOR_NIGHT_DRIVING,YES,ASPHERIC,NONE,,1,NONE,NONE,1,0,0,0,0,0,0,NONE,0,0,0,"[{""geoId"": {""0"": ""15""},""rangeId"": {""0"": ""441""},""combinationTreeId"":{""0"":""21"",""@attributes"":{""prio"":1}}},{""geoId"": {""0"": ""15""},""rangeId"": {""0"": ""442""},""combinationTreeId"":{""0"":""21"",""@attributes"":{""prio"":1}}},{""geoId"": {""0"": ""15""},""rangeId"": {""0"": ""443""},""combinationTreeId"":{""0"":""21"",""@attributes"":{""prio"":1}}},{""geoId"": {""0"": ""15""},""rangeId"": {""0"": ""444""},""combinationTreeId"":{""0"":""21"",""@attributes"":{""prio"":1}}},{""geoId"": {""0"": ""15""},""rangeId"": {""0"": ""714""},""combinationTreeId"":{""0"":""21"",""@attributes"":{""prio"":1}}},{""geoId"": {""0"": ""15""},""rangeId"": {""0"": ""715""},""combinationTreeId"":{""0"":""21"",""@attributes"":{""prio"":1}}},{""geoId"": {""0"": ""15""},""rangeId"": {""0"": ""924""},""combinationTreeId"":{""0"":""21"",""@attributes"":{""prio"":1}}},{""geoId"": {""0"": ""15""},""rangeId"": {""0"": ""925""},""combinationTreeId"":{""0"":""21"",""@attributes"":{""prio"":1}}},{""geoId"": {""0"": ""15""},""rangeId"": {""0"": ""926""},""combinationTreeId"":{""0"":""21"",""@attributes"":{""prio"":1}}},{""geoId"": {""0"": ""15""},""rangeId"": {""0"": ""927""},""combinationTreeId"":{""0"":""21"",""@attributes"":{""prio"":1}}}]",1,"Platinium 1,5 Transition Émeraude Moyen",X,48,0,"Platinium 1,5 Transition Émeraude Moyen",3.66612E+12
206707,Platinum Hard E 1.5 TRN GEN 8-Emerald,8596,3,,6,1,0,NOT_FOR_NIGHT_DRIVING,YES,ASPHERIC,NONE,,1,NONE,NONE,1,0,0,0,0,0,0,NONE,0,0,0,"[{""geoId"": {""0"": ""16""},""rangeId"": {""0"": ""441""},""combinationTreeId"":{""0"":""21"",""@attributes"":{""prio"":1}}},{""geoId"": {""0"": ""16""},""rangeId"": {""0"": ""442""},""combinationTreeId"":{""0"":""21"",""@attributes"":{""prio"":1}}},{""geoId"": {""0"": ""16""},""rangeId"": {""0"": ""443""},""combinationTreeId"":{""0"":""21"",""@attributes"":{""prio"":1}}},{""geoId"": {""0"": ""16""},""rangeId"": {""0"": ""444""},""combinationTreeId"":{""0"":""21"",""@attributes"":{""prio"":1}}},{""geoId"": {""0"": ""16""},""rangeId"": {""0"": ""714""},""combinationTreeId"":{""0"":""21"",""@attributes"":{""prio"":1}}},{""geoId"": {""0"": ""16""},""rangeId"": {""0"": ""715""},""combinationTreeId"":{""0"":""21"",""@attributes"":{""prio"":1}}},{""geoId"": {""0"": ""16""},""rangeId"": {""0"": ""924""},""combinationTreeId"":{""0"":""21"",""@attributes"":{""prio"":1}}},{""geoId"": {""0"": ""16""},""rangeId"": {""0"": ""925""},""combinationTreeId"":{""0"":""21"",""@attributes"":{""prio"":1}}},{""geoId"": {""0"": ""16""},""rangeId"": {""0"": ""926""},""combinationTreeId"":{""0"":""21"",""@attributes"":{""prio"":1}}},{""geoId"": {""0"": ""16""},""rangeId"": {""0"": ""927""},""combinationTreeId"":{""0"":""21"",""@attributes"":{""prio"":1}}}]",1,"Platinium 1,5 Transition Émeraude Court",X,48,0,"Platinium 1,5 Transition Émeraude Court",3.66612E+12
206708,Platinum Hard U 1.5 TRN GEN 8-Emerald,8595,3,,6,1,0,NOT_FOR_NIGHT_DRIVING,YES,ASPHERIC,NONE,,1,NONE,NONE,1,0,0,0,0,0,0,NONE,0,0,0,"[{""geoId"": {""0"": ""31""},""rangeId"": {""0"": ""441""},""combinationTreeId"":{""0"":""21"",""@attributes"":{""prio"":1}}},{""geoId"": {""0"": ""31""},""rangeId"": {""0"": ""442""},""combinationTreeId"":{""0"":""21"",""@attributes"":{""prio"":1}}},{""geoId"": {""0"": ""31""},""rangeId"": {""0"": ""443""},""combinationTreeId"":{""0"":""21"",""@attributes"":{""prio"":1}}},{""geoId"": {""0"": ""31""},""rangeId"": {""0"": ""444""},""combinationTreeId"":{""0"":""21"",""@attributes"":{""prio"":1}}},{""geoId"": {""0"": ""31""},""rangeId"": {""0"": ""714""},""combinationTreeId"":{""0"":""21"",""@attributes"":{""prio"":1}}},{""geoId"": {""0"": ""31""},""rangeId"": {""0"": ""715""},""combinationTreeId"":{""0"":""21"",""@attributes"":{""prio"":1}}},{""geoId"": {""0"": ""31""},""rangeId"": {""0"": ""924""},""combinationTreeId"":{""0"":""21"",""@attributes"":{""prio"":1}}},{""geoId"": {""0"": ""31""},""rangeId"": {""0"": ""925""},""combinationTreeId"":{""0"":""21"",""@attributes"":{""prio"":1}}},{""geoId"": {""0"": ""31""},""rangeId"": {""0"": ""926""},""combinationTreeId"":{""0"":""21"",""@attributes"":{""prio"":1}}},{""geoId"": {""0"": ""31""},""rangeId"": {""0"": ""927""},""combinationTreeId"":{""0"":""21"",""@attributes"":{""prio"":1}}}]",1,"Platinium 1,5 Transition Émeraude Très Court",X,48,0,"Platinium 1,5 Transition Émeraude Très Court",3.66612E+12
206705,Platinum Hard R 1.5 TRN GEN 8-Emerald,4358,3,,6,1,0,NOT_FOR_NIGHT_DRIVING,YES,ASPHERIC,NONE,,1,NONE,NONE,1,0,0,0,0,0,0,NONE,0,0,0,"[{""geoId"": {""0"": ""14""},""rangeId"": {""0"": ""441""},""combinationTreeId"":{""0"":""21"",""@attributes"":{""prio"":1}}},{""geoId"": {""0"": ""14""},""rangeId"": {""0"": ""442""},""combinationTreeId"":{""0"":""21"",""@attributes"":{""prio"":1}}},{""geoId"": {""0"": ""14""},""rangeId"": {""0"": ""443""},""combinationTreeId"":{""0"":""21"",""@attributes"":{""prio"":1}}},{""geoId"": {""0"": ""14""},""rangeId"": {""0"": ""444""},""combinationTreeId"":{""0"":""21"",""@attributes"":{""prio"":1}}},{""geoId"": {""0"": ""14""},""rangeId"": {""0"": ""714""},""combinationTreeId"":{""0"":""21"",""@attributes"":{""prio"":1}}},{""geoId"": {""0"": ""14""},""rangeId"": {""0"": ""715""},""combinationTreeId"":{""0"":""21"",""@attributes"":{""prio"":1}}},{""geoId"": {""0"": ""14""},""rangeId"": {""0"": ""924""},""combinationTreeId"":{""0"":""21"",""@attributes"":{""prio"":1}}},{""geoId"": {""0"": ""14""},""rangeId"": {""0"": ""925""},""combinationTreeId"":{""0"":""21"",""@attributes"":{""prio"":1}}},{""geoId"": {""0"": ""14""},""rangeId"": {""0"": ""926""},""combinationTreeId"":{""0"":""21"",""@attributes"":{""prio"":1}}},{""geoId"": {""0"": ""14""},""rangeId"": {""0"": ""927""},""combinationTreeId"":{""0"":""21"",""@attributes"":{""prio"":1}}}]",1,"Elysium 1,5 Transition Émeraude Long",X,68,0,"Elysium 1,5 Transition Émeraude Long",3.66612E+12
206706,Platinum Hard S 1.5 TRN GEN 8-Emerald,4357,3,,6,1,0,NOT_FOR_NIGHT_DRIVING,YES,ASPHERIC,NONE,,1,NONE,NONE,1,0,0,0,0,0,0,NONE,0,0,0,"[{""geoId"": {""0"": ""15""},""rangeId"": {""0"": ""441""},""combinationTreeId"":{""0"":""21"",""@attributes"":{""prio"":1}}},{""geoId"": {""0"": ""15""},""rangeId"": {""0"": ""442""},""combinationTreeId"":{""0"":""21"",""@attributes"":{""prio"":1}}},{""geoId"": {""0"": ""15""},""rangeId"": {""0"": ""443""},""combinationTreeId"":{""0"":""21"",""@attributes"":{""prio"":1}}},{""geoId"": {""0"": ""15""},""rangeId"": {""0"": ""444""},""combinationTreeId"":{""0"":""21"",""@attributes"":{""prio"":1}}},{""geoId"": {""0"": ""15""},""rangeId"": {""0"": ""714""},""combinationTreeId"":{""0"":""21"",""@attributes"":{""prio"":1}}},{""geoId"": {""0"": ""15""},""rangeId"": {""0"": ""715""},""combinationTreeId"":{""0"":""21"",""@attributes"":{""prio"":1}}},{""geoId"": {""0"": ""15""},""rangeId"": {""0"": ""924""},""combinationTreeId"":{""0"":""21"",""@attributes"":{""prio"":1}}},{""geoId"": {""0"": ""15""},""rangeId"": {""0"": ""925""},""combinationTreeId"":{""0"":""21"",""@attributes"":{""prio"":1}}},{""geoId"": {""0"": ""15""},""rangeId"": {""0"": ""926""},""combinationTreeId"":{""0"":""21"",""@attributes"":{""prio"":1}}},{""geoId"": {""0"": ""15""},""rangeId"": {""0"": ""927""},""combinationTreeId"":{""0"":""21"",""@attributes"":{""prio"":1}}}]",1,"Elysium 1,5 Transition Émeraude Moyen",X,68,0,"Elysium 1,5 Transition Émeraude Moyen",3.66612E+12
206707,Platinum Hard E 1.5 TRN GEN 8-Emerald,4356,3,,6,1,0,NOT_FOR_NIGHT_DRIVING,YES,ASPHERIC,NONE,,1,NONE,NONE,1,0,0,0,0,0,0,NONE,0,0,0,"[{""geoId"": {""0"": ""16""},""rangeId"": {""0"": ""441""},""combinationTreeId"":{""0"":""21"",""@attributes"":{""prio"":1}}},{""geoId"": {""0"": ""16""},""rangeId"": {""0"": ""442""},""combinationTreeId"":{""0"":""21"",""@attributes"":{""prio"":1}}},{""geoId"": {""0"": ""16""},""rangeId"": {""0"": ""443""},""combinationTreeId"":{""0"":""21"",""@attributes"":{""prio"":1}}},{""geoId"": {""0"": ""16""},""rangeId"": {""0"": ""444""},""combinationTreeId"":{""0"":""21"",""@attributes"":{""prio"":1}}},{""geoId"": {""0"": ""16""},""rangeId"": {""0"": ""714""},""combinationTreeId"":{""0"":""21"",""@attributes"":{""prio"":1}}},{""geoId"": {""0"": ""16""},""rangeId"": {""0"": ""715""},""combinationTreeId"":{""0"":""21"",""@attributes"":{""prio"":1}}},{""geoId"": {""0"": ""16""},""rangeId"": {""0"": ""924""},""combinationTreeId"":{""0"":""21"",""@attributes"":{""prio"":1}}},{""geoId"": {""0"": ""16""},""rangeId"": {""0"": ""925""},""combinationTreeId"":{""0"":""21"",""@attributes"":{""prio"":1}}},{""geoId"": {""0"": ""16""},""rangeId"": {""0"": ""926""},""combinationTreeId"":{""0"":""21"",""@attributes"":{""prio"":1}}},{""geoId"": {""0"": ""16""},""rangeId"": {""0"": ""927""},""combinationTreeId"":{""0"":""21"",""@attributes"":{""prio"":1}}}]",1,"Elysium 1,5 Transition Émeraude Court",X,68,0,"Elysium 1,5 Transition Émeraude Court",3.66612E+12
206708,Platinum Hard U 1.5 TRN GEN 8-Emerald,4355,3,,6,1,0,NOT_FOR_NIGHT_DRIVING,YES,ASPHERIC,NONE,,1,NONE,NONE,1,0,0,0,0,0,0,NONE,0,0,0,"[{""geoId"": {""0"": ""31""},""rangeId"": {""0"": ""441""},""combinationTreeId"":{""0"":""21"",""@attributes"":{""prio"":1}}},{""geoId"": {""0"": ""31""},""rangeId"": {""0"": ""442""},""combinationTreeId"":{""0"":""21"",""@attributes"":{""prio"":1}}},{""geoId"": {""0"": ""31""},""rangeId"": {""0"": ""443""},""combinationTreeId"":{""0"":""21"",""@attributes"":{""prio"":1}}},{""geoId"": {""0"": ""31""},""rangeId"": {""0"": ""444""},""combinationTreeId"":{""0"":""21"",""@attributes"":{""prio"":1}}},{""geoId"": {""0"": ""31""},""rangeId"": {""0"": ""714""},""combinationTreeId"":{""0"":""21"",""@attributes"":{""prio"":1}}},{""geoId"": {""0"": ""31""},""rangeId"": {""0"": ""715""},""combinationTreeId"":{""0"":""21"",""@attributes"":{""prio"":1}}},{""geoId"": {""0"": ""31""},""rangeId"": {""0"": ""924""},""combinationTreeId"":{""0"":""21"",""@attributes"":{""prio"":1}}},{""geoId"": {""0"": ""31""},""rangeId"": {""0"": ""925""},""combinationTreeId"":{""0"":""21"",""@attributes"":{""prio"":1}}},{""geoId"": {""0"": ""31""},""rangeId"": {""0"": ""926""},""combinationTreeId"":{""0"":""21"",""@attributes"":{""prio"":1}}},{""geoId"": {""0"": ""31""},""rangeId"": {""0"": ""927""},""combinationTreeId"":{""0"":""21"",""@attributes"":{""prio"":1}}}]",1,"Elysium 1,5 Transition Émeraude Très Court",X,68,0,"Elysium 1,5 Transition Émeraude Très Court",3.66612E+12
206709,Omega R 1.5 TRN GEN 8-Emerald,5558,3,,40,1,0,,YES,ASPHERIC,NONE,,1,NONE,NONE,1,0,0,0,0,0,0,NONE,0,0,0,"[{""geoId"": {""0"": ""14""},""rangeId"": {""0"": ""331""},""combinationTreeId"":{""0"":""21"",""@attributes"":{""prio"":1}}},{""geoId"": {""0"": ""14""},""rangeId"": {""0"": ""332""},""combinationTreeId"":{""0"":""21"",""@attributes"":{""prio"":1}}},{""geoId"": {""0"": ""14""},""rangeId"": {""0"": ""333""},""combinationTreeId"":{""0"":""21"",""@attributes"":{""prio"":1}}},{""geoId"": {""0"": ""14""},""rangeId"": {""0"": ""334""},""combinationTreeId"":{""0"":""21"",""@attributes"":{""prio"":1}}},{""geoId"": {""0"": ""14""},""rangeId"": {""0"": ""341""},""combinationTreeId"":{""0"":""21"",""@attributes"":{""prio"":1}}},{""geoId"": {""0"": ""14""},""rangeId"": {""0"": ""342""},""combinationTreeId"":{""0"":""21"",""@attributes"":{""prio"":1}}},{""geoId"": {""0"": ""14""},""rangeId"": {""0"": ""421""},""combinationTreeId"":{""0"":""21"",""@attributes"":{""prio"":1}}},{""geoId"": {""0"": ""14""},""rangeId"": {""0"": ""422""},""combinationTreeId"":{""0"":""21"",""@attributes"":{""prio"":1}}},{""geoId"": {""0"": ""14""},""rangeId"": {""0"": ""423""},""combinationTreeId"":{""0"":""21"",""@attributes"":{""prio"":1}}},{""geoId"": {""0"": ""14""},""rangeId"": {""0"": ""424""},""combinationTreeId"":{""0"":""21"",""@attributes"":{""prio"":1}}}]",1,"Omega 1,5 Transition Émeraude Long",X,56,0,"Omega 1,5 Transition Émeraude Long",3.66612E+12
206710,Omega S 1.5 TRN GEN 8-Emerald,5557,3,,40,1,0,,YES,ASPHERIC,NONE,,1,NONE,NONE,1,0,0,0,0,0,0,NONE,0,0,0,"[{""geoId"": {""0"": ""15""},""rangeId"": {""0"": ""331""},""combinationTreeId"":{""0"":""21"",""@attributes"":{""prio"":1}}},{""geoId"": {""0"": ""15""},""rangeId"": {""0"": ""332""},""combinationTreeId"":{""0"":""21"",""@attributes"":{""prio"":1}}},{""geoId"": {""0"": ""15""},""rangeId"": {""0"": ""333""},""combinationTreeId"":{""0"":""21"",""@attributes"":{""prio"":1}}},{""geoId"": {""0"": ""15""},""rangeId"": {""0"": ""334""},""combinationTreeId"":{""0"":""21"",""@attributes"":{""prio"":1}}},{""geoId"": {""0"": ""15""},""rangeId"": {""0"": ""341""},""combinationTreeId"":{""0"":""21"",""@attributes"":{""prio"":1}}},{""geoId"": {""0"": ""15""},""rangeId"": {""0"": ""342""},""combinationTreeId"":{""0"":""21"",""@attributes"":{""prio"":1}}},{""geoId"": {""0"": ""15""},""rangeId"": {""0"": ""421""},""combinationTreeId"":{""0"":""21"",""@attributes"":{""prio"":1}}},{""geoId"": {""0"": ""15""},""rangeId"": {""0"": ""422""},""combinationTreeId"":{""0"":""21"",""@attributes"":{""prio"":1}}},{""geoId"": {""0"": ""15""},""rangeId"": {""0"": ""423""},""combinationTreeId"":{""0"":""21"",""@attributes"":{""prio"":1}}},{""geoId"": {""0"": ""15""},""rangeId"": {""0"": ""424""},""combinationTreeId"":{""0"":""21"",""@attributes"":{""prio"":1}}}]",1,"Omega 1,5 Transition Émeraude Moyen",X,56,0,"Omega 1,5 Transition Émeraude Moyen",3.66612E+12
206711,Omega E 1.5 TRN GEN 8-Emerald,5556,3,,40,1,0,,YES,ASPHERIC,NONE,,1,NONE,NONE,1,0,0,0,0,0,0,NONE,0,0,0,"[{""geoId"": {""0"": ""16""},""rangeId"": {""0"": ""331""},""combinationTreeId"":{""0"":""21"",""@attributes"":{""prio"":1}}},{""geoId"": {""0"": ""16""},""rangeId"": {""0"": ""332""},""combinationTreeId"":{""0"":""21"",""@attributes"":{""prio"":1}}},{""geoId"": {""0"": ""16""},""rangeId"": {""0"": ""333""},""combinationTreeId"":{""0"":""21"",""@attributes"":{""prio"":1}}},{""geoId"": {""0"": ""16""},""rangeId"": {""0"": ""334""},""combinationTreeId"":{""0"":""21"",""@attributes"":{""prio"":1}}},{""geoId"": {""0"": ""16""},""rangeId"": {""0"": ""341""},""combinationTreeId"":{""0"":""21"",""@attributes"":{""prio"":1}}},{""geoId"": {""0"": ""16""},""rangeId"": {""0"": ""342""},""combinationTreeId"":{""0"":""21"",""@attributes"":{""prio"":1}}},{""geoId"": {""0"": ""16""},""rangeId"": {""0"": ""421""},""combinationTreeId"":{""0"":""21"",""@attributes"":{""prio"":1}}},{""geoId"": {""0"": ""16""},""rangeId"": {""0"": ""422""},""combinationTreeId"":{""0"":""21"",""@attributes"":{""prio"":1}}},{""geoId"": {""0"": ""16""},""rangeId"": {""0"": ""423""},""combinationTreeId"":{""0"":""21"",""@attributes"":{""prio"":1}}},{""geoId"": {""0"": ""16""},""rangeId"": {""0"": ""424""},""combinationTreeId"":{""0"":""21"",""@attributes"":{""prio"":1}}}]",1,"Omega 1,5 Transition Émeraude Court",X,56,0,"Omega 1,5 Transition Émeraude Court",3.66612E+12
206712,Omega U 1.5 TRN GEN 8-Emerald,5555,3,,40,1,0,,YES,ASPHERIC,NONE,,1,NONE,NONE,1,0,0,0,0,0,0,NONE,0,0,0,"[{""geoId"": {""0"": ""31""},""rangeId"": {""0"": ""381""},""combinationTreeId"":{""0"":""20"",""@attributes"":{""prio"":1}}},{""geoId"": {""0"": ""31""},""rangeId"": {""0"": ""382""},""combinationTreeId"":{""0"":""20"",""@attributes"":{""prio"":1}}},{""geoId"": {""0"": ""31""},""rangeId"": {""0"": ""383""},""combinationTreeId"":{""0"":""20"",""@attributes"":{""prio"":1}}},{""geoId"": {""0"": ""31""},""rangeId"": {""0"": ""384""},""combinationTreeId"":{""0"":""20"",""@attributes"":{""prio"":1}}},{""geoId"": {""0"": ""31""},""rangeId"": {""0"": ""385""},""combinationTreeId"":{""0"":""20"",""@attributes"":{""prio"":1}}},{""geoId"": {""0"": ""31""},""rangeId"": {""0"": ""386""},""combinationTreeId"":{""0"":""20"",""@attributes"":{""prio"":1}}},{""geoId"": {""0"": ""31""},""rangeId"": {""0"": ""387""},""combinationTreeId"":{""0"":""20"",""@attributes"":{""prio"":1}}},{""geoId"": {""0"": ""31""},""rangeId"": {""0"": ""388""},""combinationTreeId"":{""0"":""20"",""@attributes"":{""prio"":1}}}]",1,"Omega 1,5 Transition Émeraude Très Court",X,56,0,"Omega 1,5 Transition Émeraude Très Court",3.66612E+12
206720,EyeFatigue 050 1.5 TRN GEN 8-Emerald,2314,4,,40,1,0,,YES,ASPHERIC,NONE,,1,NONE,NONE,0,0,0,0,0,0,0,NONE,0,0,0,"[{""geoId"": {""0"": ""25""},""rangeId"": {""0"": ""181""},""combinationTreeId"":{""0"":""21"",""@attributes"":{""prio"":1}}},{""geoId"": {""0"": ""25""},""rangeId"": {""0"": ""182""},""combinationTreeId"":{""0"":""21"",""@attributes"":{""prio"":1}}},{""geoId"": {""0"": ""25""},""rangeId"": {""0"": ""183""},""combinationTreeId"":{""0"":""21"",""@attributes"":{""prio"":1}}},{""geoId"": {""0"": ""25""},""rangeId"": {""0"": ""184""},""combinationTreeId"":{""0"":""21"",""@attributes"":{""prio"":1}}},{""geoId"": {""0"": ""25""},""rangeId"": {""0"": ""628""},""combinationTreeId"":{""0"":""21"",""@attributes"":{""prio"":1}}},{""geoId"": {""0"": ""25""},""rangeId"": {""0"": ""226""},""combinationTreeId"":{""0"":""21"",""@attributes"":{""prio"":1}}}]",1,"Eyefatigue 1,5 Transition Émeraude 0,50",X,34,0,"Eyefatigue 1,5 Transition Émeraude 0,50",3.66612E+12
206721,EyeFatigue 075 1.5 TRN GEN 8-Emerald,2315,4,,40,1,0,,YES,ASPHERIC,NONE,,1,NONE,NONE,0,0,0,0,0,0,0,NONE,0,0,0,"[{""geoId"": {""0"": ""25""},""rangeId"": {""0"": ""181""},""combinationTreeId"":{""0"":""21"",""@attributes"":{""prio"":1}}},{""geoId"": {""0"": ""25""},""rangeId"": {""0"": ""182""},""combinationTreeId"":{""0"":""21"",""@attributes"":{""prio"":1}}},{""geoId"": {""0"": ""25""},""rangeId"": {""0"": ""183""},""combinationTreeId"":{""0"":""21"",""@attributes"":{""prio"":1}}},{""geoId"": {""0"": ""25""},""rangeId"": {""0"": ""184""},""combinationTreeId"":{""0"":""21"",""@attributes"":{""prio"":1}}},{""geoId"": {""0"": ""25""},""rangeId"": {""0"": ""628""},""combinationTreeId"":{""0"":""21"",""@attributes"":{""prio"":1}}},{""geoId"": {""0"": ""25""},""rangeId"": {""0"": ""226""},""combinationTreeId"":{""0"":""21"",""@attributes"":{""prio"":1}}}]",1,"Eyefatigue 1,5 Transition Émeraude 0,75",X,34,0,"Eyefatigue 1,5 Transition Émeraude 0,75",3.66612E+12
206722,EyeFatigue 100 1.5 TRN GEN 8-Emerald,2316,4,,40,1,0,,YES,ASPHERIC,NONE,,1,NONE,NONE,0,0,0,0,0,0,0,NONE,0,0,0,"[{""geoId"": {""0"": ""46""},""rangeId"": {""0"": ""181""},""combinationTreeId"":{""0"":""21"",""@attributes"":{""prio"":1}}},{""geoId"": {""0"": ""46""},""rangeId"": {""0"": ""182""},""combinationTreeId"":{""0"":""21"",""@attributes"":{""prio"":1}}},{""geoId"": {""0"": ""46""},""rangeId"": {""0"": ""183""},""combinationTreeId"":{""0"":""21"",""@attributes"":{""prio"":1}}},{""geoId"": {""0"": ""46""},""rangeId"": {""0"": ""184""},""combinationTreeId"":{""0"":""21"",""@attributes"":{""prio"":1}}},{""geoId"": {""0"": ""46""},""rangeId"": {""0"": ""628""},""combinationTreeId"":{""0"":""21"",""@attributes"":{""prio"":1}}},{""geoId"": {""0"": ""46""},""rangeId"": {""0"": ""226""},""combinationTreeId"":{""0"":""21"",""@attributes"":{""prio"":1}}}]",1,"Eyefatigue 1,5 Transition Émeraude 1,00",X,34,0,"Eyefatigue 1,5 Transition Émeraude 1,00",3.66612E+12
206738,T-One  18 1.5 TRN GEN 8-Emerald,13728,3,,6,1,0,NOT_FOR_NIGHT_DRIVING,YES,ASPHERIC,NONE,,1,NONE,NONE,1,0,0,0,0,0,0,NONE,0,0,0,"[{""geoId"": {""0"": ""43""},""rangeId"": {""0"": ""441""},""combinationTreeId"":{""0"":""21"",""@attributes"":{""prio"":1}}},{""geoId"": {""0"": ""43""},""rangeId"": {""0"": ""442""},""combinationTreeId"":{""0"":""21"",""@attributes"":{""prio"":1}}},{""geoId"": {""0"": ""43""},""rangeId"": {""0"": ""443""},""combinationTreeId"":{""0"":""21"",""@attributes"":{""prio"":1}}},{""geoId"": {""0"": ""43""},""rangeId"": {""0"": ""444""},""combinationTreeId"":{""0"":""21"",""@attributes"":{""prio"":1}}},{""geoId"": {""0"": ""43""},""rangeId"": {""0"": ""714""},""combinationTreeId"":{""0"":""21"",""@attributes"":{""prio"":1}}},{""geoId"": {""0"": ""43""},""rangeId"": {""0"": ""715""},""combinationTreeId"":{""0"":""21"",""@attributes"":{""prio"":1}}},{""geoId"": {""0"": ""43""},""rangeId"": {""0"": ""924""},""combinationTreeId"":{""0"":""21"",""@attributes"":{""prio"":1}}},{""geoId"": {""0"": ""43""},""rangeId"": {""0"": ""925""},""combinationTreeId"":{""0"":""21"",""@attributes"":{""prio"":1}}},{""geoId"": {""0"": ""43""},""rangeId"": {""0"": ""926""},""combinationTreeId"":{""0"":""21"",""@attributes"":{""prio"":1}}},{""geoId"": {""0"": ""43""},""rangeId"": {""0"": ""927""},""combinationTreeId"":{""0"":""21"",""@attributes"":{""prio"":1}}}]",1,"T-One 1,5 Transition Émeraude Long",X,31,0,"T-One 1,5 Transition Émeraude Long",3.66612E+12
206739,T-One  17 1.5 TRN GEN 8-Emerald,13727,3,,6,1,0,NOT_FOR_NIGHT_DRIVING,YES,ASPHERIC,NONE,,1,NONE,NONE,1,0,0,0,0,0,0,NONE,0,0,0,"[{""geoId"": {""0"": ""41""},""rangeId"": {""0"": ""441""},""combinationTreeId"":{""0"":""21"",""@attributes"":{""prio"":1}}},{""geoId"": {""0"": ""41""},""rangeId"": {""0"": ""442""},""combinationTreeId"":{""0"":""21"",""@attributes"":{""prio"":1}}},{""geoId"": {""0"": ""41""},""rangeId"": {""0"": ""443""},""combinationTreeId"":{""0"":""21"",""@attributes"":{""prio"":1}}},{""geoId"": {""0"": ""41""},""rangeId"": {""0"": ""444""},""combinationTreeId"":{""0"":""21"",""@attributes"":{""prio"":1}}},{""geoId"": {""0"": ""41""},""rangeId"": {""0"": ""714""},""combinationTreeId"":{""0"":""21"",""@attributes"":{""prio"":1}}},{""geoId"": {""0"": ""41""},""rangeId"": {""0"": ""715""},""combinationTreeId"":{""0"":""21"",""@attributes"":{""prio"":1}}},{""geoId"": {""0"": ""41""},""rangeId"": {""0"": ""924""},""combinationTreeId"":{""0"":""21"",""@attributes"":{""prio"":1}}},{""geoId"": {""0"": ""41""},""rangeId"": {""0"": ""925""},""combinationTreeId"":{""0"":""21"",""@attributes"":{""prio"":1}}},{""geoId"": {""0"": ""41""},""rangeId"": {""0"": ""926""},""combinationTreeId"":{""0"":""21"",""@attributes"":{""prio"":1}}},{""geoId"": {""0"": ""41""},""rangeId"": {""0"": ""927""},""combinationTreeId"":{""0"":""21"",""@attributes"":{""prio"":1}}}]",1,"T-One 1,5 Transition Émeraude Moyen",X,31,0,"T-One 1,5 Transition Émeraude Moyen",3.66612E+12
206740,T-One  16 1.5 TRN GEN 8-Emerald,13726,3,,6,1,0,NOT_FOR_NIGHT_DRIVING,YES,ASPHERIC,NONE,,1,NONE,NONE,1,0,0,0,0,0,0,NONE,0,0,0,"[{""geoId"": {""0"": ""45""},""rangeId"": {""0"": ""441""},""combinationTreeId"":{""0"":""21"",""@attributes"":{""prio"":1}}},{""geoId"": {""0"": ""45""},""rangeId"": {""0"": ""442""},""combinationTreeId"":{""0"":""21"",""@attributes"":{""prio"":1}}},{""geoId"": {""0"": ""45""},""rangeId"": {""0"": ""443""},""combinationTreeId"":{""0"":""21"",""@attributes"":{""prio"":1}}},{""geoId"": {""0"": ""45""},""rangeId"": {""0"": ""444""},""combinationTreeId"":{""0"":""21"",""@attributes"":{""prio"":1}}},{""geoId"": {""0"": ""45""},""rangeId"": {""0"": ""714""},""combinationTreeId"":{""0"":""21"",""@attributes"":{""prio"":1}}},{""geoId"": {""0"": ""45""},""rangeId"": {""0"": ""715""},""combinationTreeId"":{""0"":""21"",""@attributes"":{""prio"":1}}},{""geoId"": {""0"": ""45""},""rangeId"": {""0"": ""924""},""combinationTreeId"":{""0"":""21"",""@attributes"":{""prio"":1}}},{""geoId"": {""0"": ""45""},""rangeId"": {""0"": ""925""},""combinationTreeId"":{""0"":""21"",""@attributes"":{""prio"":1}}},{""geoId"": {""0"": ""45""},""rangeId"": {""0"": ""926""},""combinationTreeId"":{""0"":""21"",""@attributes"":{""prio"":1}}},{""geoId"": {""0"": ""45""},""rangeId"": {""0"": ""927""},""combinationTreeId"":{""0"":""21"",""@attributes"":{""prio"":1}}}]",1,"T-One 1,5 Transition Émeraude Court",X,31,0,"T-One 1,5 Transition Émeraude Court",3.66612E+12
206741,T-One  15 1.5 TRN GEN 8-Emerald,13725,3,,6,1,0,NOT_FOR_NIGHT_DRIVING,YES,ASPHERIC,NONE,,1,NONE,NONE,1,0,0,0,0,0,0,NONE,0,0,0,"[{""geoId"": {""0"": ""42""},""rangeId"": {""0"": ""441""},""combinationTreeId"":{""0"":""21"",""@attributes"":{""prio"":1}}},{""geoId"": {""0"": ""42""},""rangeId"": {""0"": ""442""},""combinationTreeId"":{""0"":""21"",""@attributes"":{""prio"":1}}},{""geoId"": {""0"": ""42""},""rangeId"": {""0"": ""443""},""combinationTreeId"":{""0"":""21"",""@attributes"":{""prio"":1}}},{""geoId"": {""0"": ""42""},""rangeId"": {""0"": ""714""},""combinationTreeId"":{""0"":""21"",""@attributes"":{""prio"":1}}},{""geoId"": {""0"": ""42""},""rangeId"": {""0"": ""924""},""combinationTreeId"":{""0"":""21"",""@attributes"":{""prio"":1}}},{""geoId"": {""0"": ""42""},""rangeId"": {""0"": ""926""},""combinationTreeId"":{""0"":""21"",""@attributes"":{""prio"":1}}}]",1,"T-One 1,5 Transition Émeraude Très Court",X,31,0,"T-One 1,5 Transition Émeraude Très Court",3.66612E+12
206738,T-One  18 1.5 TRN GEN 8-Emerald,16528,3,,6,1,0,NOT_FOR_NIGHT_DRIVING,YES,ASPHERIC,NONE,,1,NONE,NONE,1,0,0,0,0,0,0,NONE,0,0,0,"[{""geoId"": {""0"": ""43""},""rangeId"": {""0"": ""441""},""combinationTreeId"":{""0"":""21"",""@attributes"":{""prio"":1}}},{""geoId"": {""0"": ""43""},""rangeId"": {""0"": ""442""},""combinationTreeId"":{""0"":""21"",""@attributes"":{""prio"":1}}},{""geoId"": {""0"": ""43""},""rangeId"": {""0"": ""443""},""combinationTreeId"":{""0"":""21"",""@attributes"":{""prio"":1}}},{""geoId"": {""0"": ""43""},""rangeId"": {""0"": ""444""},""combinationTreeId"":{""0"":""21"",""@attributes"":{""prio"":1}}},{""geoId"": {""0"": ""43""},""rangeId"": {""0"": ""714""},""combinationTreeId"":{""0"":""21"",""@attributes"":{""prio"":1}}},{""geoId"": {""0"": ""43""},""rangeId"": {""0"": ""715""},""combinationTreeId"":{""0"":""21"",""@attributes"":{""prio"":1}}},{""geoId"": {""0"": ""43""},""rangeId"": {""0"": ""924""},""combinationTreeId"":{""0"":""21"",""@attributes"":{""prio"":1}}},{""geoId"": {""0"": ""43""},""rangeId"": {""0"": ""925""},""combinationTreeId"":{""0"":""21"",""@attributes"":{""prio"":1}}},{""geoId"": {""0"": ""43""},""rangeId"": {""0"": ""926""},""combinationTreeId"":{""0"":""21"",""@attributes"":{""prio"":1}}},{""geoId"": {""0"": ""43""},""rangeId"": {""0"": ""927""},""combinationTreeId"":{""0"":""21"",""@attributes"":{""prio"":1}}}]",1,"E-Space 1,5 Transition Émeraude Long",X,40,0,"E-Space 1,5 Transition Émeraude Long",3.66612E+12
206739,T-One  17 1.5 TRN GEN 8-Emerald,16527,3,,6,1,0,NOT_FOR_NIGHT_DRIVING,YES,ASPHERIC,NONE,,1,NONE,NONE,1,0,0,0,0,0,0,NONE,0,0,0,"[{""geoId"": {""0"": ""41""},""rangeId"": {""0"": ""441""},""combinationTreeId"":{""0"":""21"",""@attributes"":{""prio"":1}}},{""geoId"": {""0"": ""41""},""rangeId"": {""0"": ""442""},""combinationTreeId"":{""0"":""21"",""@attributes"":{""prio"":1}}},{""geoId"": {""0"": ""41""},""rangeId"": {""0"": ""443""},""combinationTreeId"":{""0"":""21"",""@attributes"":{""prio"":1}}},{""geoId"": {""0"": ""41""},""rangeId"": {""0"": ""444""},""combinationTreeId"":{""0"":""21"",""@attributes"":{""prio"":1}}},{""geoId"": {""0"": ""41""},""rangeId"": {""0"": ""714""},""combinationTreeId"":{""0"":""21"",""@attributes"":{""prio"":1}}},{""geoId"": {""0"": ""41""},""rangeId"": {""0"": ""715""},""combinationTreeId"":{""0"":""21"",""@attributes"":{""prio"":1}}},{""geoId"": {""0"": ""41""},""rangeId"": {""0"": ""924""},""combinationTreeId"":{""0"":""21"",""@attributes"":{""prio"":1}}},{""geoId"": {""0"": ""41""},""rangeId"": {""0"": ""925""},""combinationTreeId"":{""0"":""21"",""@attributes"":{""prio"":1}}},{""geoId"": {""0"": ""41""},""rangeId"": {""0"": ""926""},""combinationTreeId"":{""0"":""21"",""@attributes"":{""prio"":1}}},{""geoId"": {""0"": ""41""},""rangeId"": {""0"": ""927""},""combinationTreeId"":{""0"":""21"",""@attributes"":{""prio"":1}}}]",1,"E-Space 1,5 Transition Émeraude Moyen",X,40,0,"E-Space 1,5 Transition Émeraude Moyen",3.66612E+12
206740,T-One  16 1.5 TRN GEN 8-Emerald,16526,3,,6,1,0,NOT_FOR_NIGHT_DRIVING,YES,ASPHERIC,NONE,,1,NONE,NONE,1,0,0,0,0,0,0,NONE,0,0,0,"[{""geoId"": {""0"": ""45""},""rangeId"": {""0"": ""441""},""combinationTreeId"":{""0"":""21"",""@attributes"":{""prio"":1}}},{""geoId"": {""0"": ""45""},""rangeId"": {""0"": ""442""},""combinationTreeId"":{""0"":""21"",""@attributes"":{""prio"":1}}},{""geoId"": {""0"": ""45""},""rangeId"": {""0"": ""443""},""combinationTreeId"":{""0"":""21"",""@attributes"":{""prio"":1}}},{""geoId"": {""0"": ""45""},""rangeId"": {""0"": ""444""},""combinationTreeId"":{""0"":""21"",""@attributes"":{""prio"":1}}},{""geoId"": {""0"": ""45""},""rangeId"": {""0"": ""714""},""combinationTreeId"":{""0"":""21"",""@attributes"":{""prio"":1}}},{""geoId"": {""0"": ""45""},""rangeId"": {""0"": ""715""},""combinationTreeId"":{""0"":""21"",""@attributes"":{""prio"":1}}},{""geoId"": {""0"": ""45""},""rangeId"": {""0"": ""924""},""combinationTreeId"":{""0"":""21"",""@attributes"":{""prio"":1}}},{""geoId"": {""0"": ""45""},""rangeId"": {""0"": ""925""},""combinationTreeId"":{""0"":""21"",""@attributes"":{""prio"":1}}},{""geoId"": {""0"": ""45""},""rangeId"": {""0"": ""926""},""combinationTreeId"":{""0"":""21"",""@attributes"":{""prio"":1}}},{""geoId"": {""0"": ""45""},""rangeId"": {""0"": ""927""},""combinationTreeId"":{""0"":""21"",""@attributes"":{""prio"":1}}}]",1,"E-Space 1,5 Transition Émeraude Court",X,40,0,"E-Space 1,5 Transition Émeraude Court",3.66612E+12
206741,T-One  15 1.5 TRN GEN 8-Emerald,16525,3,,6,1,0,NOT_FOR_NIGHT_DRIVING,YES,ASPHERIC,NONE,,1,NONE,NONE,1,0,0,0,0,0,0,NONE,0,0,0,"[{""geoId"": {""0"": ""42""},""rangeId"": {""0"": ""441""},""combinationTreeId"":{""0"":""21"",""@attributes"":{""prio"":1}}},{""geoId"": {""0"": ""42""},""rangeId"": {""0"": ""442""},""combinationTreeId"":{""0"":""21"",""@attributes"":{""prio"":1}}},{""geoId"": {""0"": ""42""},""rangeId"": {""0"": ""443""},""combinationTreeId"":{""0"":""21"",""@attributes"":{""prio"":1}}},{""geoId"": {""0"": ""42""},""rangeId"": {""0"": ""714""},""combinationTreeId"":{""0"":""21"",""@attributes"":{""prio"":1}}},{""geoId"": {""0"": ""42""},""rangeId"": {""0"": ""924""},""combinationTreeId"":{""0"":""21"",""@attributes"":{""prio"":1}}},{""geoId"": {""0"": ""42""},""rangeId"": {""0"": ""926""},""combinationTreeId"":{""0"":""21"",""@attributes"":{""prio"":1}}}]",1,"E-Space 1,5 Transition Émeraude Très Court",X,40,0,"E-Space 1,5 Transition Émeraude Très Court",3.66612E+12
206742,Top Office 1.5 TRN GEN 8-Emerald,13112,4,,58,1,0,,NO,SPHERICAL,NONE,,1,NONE,NONE,0,0,0,0,0,0,0,NONE,0,0,0,"[{""geoId"": {""0"": ""47""},""rangeId"": {""0"": ""1100""},""combinationTreeId"":{""0"":""51"",""@attributes"":{""prio"":1}}},{""geoId"": {""0"": ""47""},""rangeId"": {""0"": ""1101""},""combinationTreeId"":{""0"":""51"",""@attributes"":{""prio"":1}}},{""geoId"": {""0"": ""47""},""rangeId"": {""0"": ""1102""},""combinationTreeId"":{""0"":""51"",""@attributes"":{""prio"":1}}},{""geoId"": {""0"": ""47""},""rangeId"": {""0"": ""1103""},""combinationTreeId"":{""0"":""51"",""@attributes"":{""prio"":1}}},{""geoId"": {""0"": ""47""},""rangeId"": {""0"": ""1104""},""combinationTreeId"":{""0"":""51"",""@attributes"":{""prio"":1}}},{""geoId"": {""0"": ""47""},""rangeId"": {""0"": ""1105""},""combinationTreeId"":{""0"":""51"",""@attributes"":{""prio"":1}}},{""geoId"": {""0"": ""47""},""rangeId"": {""0"": ""1106""},""combinationTreeId"":{""0"":""51"",""@attributes"":{""prio"":1}}},{""geoId"": {""0"": ""47""},""rangeId"": {""0"": ""1107""},""combinationTreeId"":{""0"":""51"",""@attributes"":{""prio"":1}}},{""geoId"": {""0"": ""47""},""rangeId"": {""0"": ""1108""},""combinationTreeId"":{""0"":""51"",""@attributes"":{""prio"":1}}},{""geoId"": {""0"": ""47""},""rangeId"": {""0"": ""1109""},""combinationTreeId"":{""0"":""51"",""@attributes"":{""prio"":1}}}]",1,"Top Office 1,5 Transition Émeraude",X,31,0,"Top Office 1,5 Transition Émeraude",3.66612E+12
207804,Platinum Hard R 1.6 TRN GEN 8-Amber,11274,3,,3,1,0,NOT_FOR_NIGHT_DRIVING,YES,ASPHERIC,NONE,,1,NONE,NONE,1,0,0,0,0,0,0,NONE,0,0,0,"[{""geoId"": {""0"": ""14""},""rangeId"": {""0"": ""441""},""combinationTreeId"":{""0"":""21"",""@attributes"":{""prio"":1}}},{""geoId"": {""0"": ""14""},""rangeId"": {""0"": ""442""},""combinationTreeId"":{""0"":""21"",""@attributes"":{""prio"":1}}},{""geoId"": {""0"": ""14""},""rangeId"": {""0"": ""443""},""combinationTreeId"":{""0"":""21"",""@attributes"":{""prio"":1}}},{""geoId"": {""0"": ""14""},""rangeId"": {""0"": ""444""},""combinationTreeId"":{""0"":""21"",""@attributes"":{""prio"":1}}},{""geoId"": {""0"": ""14""},""rangeId"": {""0"": ""714""},""combinationTreeId"":{""0"":""21"",""@attributes"":{""prio"":1}}},{""geoId"": {""0"": ""14""},""rangeId"": {""0"": ""715""},""combinationTreeId"":{""0"":""21"",""@attributes"":{""prio"":1}}},{""geoId"": {""0"": ""14""},""rangeId"": {""0"": ""710""},""combinationTreeId"":{""0"":""21"",""@attributes"":{""prio"":1}}},{""geoId"": {""0"": ""14""},""rangeId"": {""0"": ""711""},""combinationTreeId"":{""0"":""21"",""@attributes"":{""prio"":1}}}]",1,"Platinium 1,6 Transition Ambre Long",X,60,0,"Platinium 1,6 Transition Ambre Long",3.66612E+12
207805,Platinum Hard R 1.6 TRN GEN 8-Emerald,11278,3,,3,1,0,NOT_FOR_NIGHT_DRIVING,YES,ASPHERIC,NONE,,1,NONE,NONE,1,0,0,0,0,0,0,NONE,0,0,0,"[{""geoId"": {""0"": ""14""},""rangeId"": {""0"": ""441""},""combinationTreeId"":{""0"":""21"",""@attributes"":{""prio"":1}}},{""geoId"": {""0"": ""14""},""rangeId"": {""0"": ""442""},""combinationTreeId"":{""0"":""21"",""@attributes"":{""prio"":1}}},{""geoId"": {""0"": ""14""},""rangeId"": {""0"": ""443""},""combinationTreeId"":{""0"":""21"",""@attributes"":{""prio"":1}}},{""geoId"": {""0"": ""14""},""rangeId"": {""0"": ""444""},""combinationTreeId"":{""0"":""21"",""@attributes"":{""prio"":1}}},{""geoId"": {""0"": ""14""},""rangeId"": {""0"": ""714""},""combinationTreeId"":{""0"":""21"",""@attributes"":{""prio"":1}}},{""geoId"": {""0"": ""14""},""rangeId"": {""0"": ""715""},""combinationTreeId"":{""0"":""21"",""@attributes"":{""prio"":1}}},{""geoId"": {""0"": ""14""},""rangeId"": {""0"": ""710""},""combinationTreeId"":{""0"":""21"",""@attributes"":{""prio"":1}}},{""geoId"": {""0"": ""14""},""rangeId"": {""0"": ""711""},""combinationTreeId"":{""0"":""21"",""@attributes"":{""prio"":1}}}]",1,"Platinium 1,6 Transition Émeraude Long",X,60,0,"Platinium 1,6 Transition Émeraude Long",3.66612E+12
207807,Platinum Hard S 1.6 TRN GEN 8-Amber,11273,3,,3,1,0,NOT_FOR_NIGHT_DRIVING,YES,ASPHERIC,NONE,,1,NONE,NONE,1,0,0,0,0,0,0,NONE,0,0,0,"[{""geoId"": {""0"": ""15""},""rangeId"": {""0"": ""441""},""combinationTreeId"":{""0"":""21"",""@attributes"":{""prio"":1}}},{""geoId"": {""0"": ""15""},""rangeId"": {""0"": ""442""},""combinationTreeId"":{""0"":""21"",""@attributes"":{""prio"":1}}},{""geoId"": {""0"": ""15""},""rangeId"": {""0"": ""443""},""combinationTreeId"":{""0"":""21"",""@attributes"":{""prio"":1}}},{""geoId"": {""0"": ""15""},""rangeId"": {""0"": ""444""},""combinationTreeId"":{""0"":""21"",""@attributes"":{""prio"":1}}},{""geoId"": {""0"": ""15""},""rangeId"": {""0"": ""714""},""combinationTreeId"":{""0"":""21"",""@attributes"":{""prio"":1}}},{""geoId"": {""0"": ""15""},""rangeId"": {""0"": ""715""},""combinationTreeId"":{""0"":""21"",""@attributes"":{""prio"":1}}},{""geoId"": {""0"": ""15""},""rangeId"": {""0"": ""710""},""combinationTreeId"":{""0"":""21"",""@attributes"":{""prio"":1}}},{""geoId"": {""0"": ""15""},""rangeId"": {""0"": ""711""},""combinationTreeId"":{""0"":""21"",""@attributes"":{""prio"":1}}}]",1,"Platinium 1,6 Transition Ambre Moyen",X,60,0,"Platinium 1,6 Transition Ambre Moyen",3.66612E+12
207809,Platinum Hard S 1.6 TRN GEN 8-Emerald,11277,3,,3,1,0,NOT_FOR_NIGHT_DRIVING,YES,ASPHERIC,NONE,,1,NONE,NONE,1,0,0,0,0,0,0,NONE,0,0,0,"[{""geoId"": {""0"": ""15""},""rangeId"": {""0"": ""441""},""combinationTreeId"":{""0"":""21"",""@attributes"":{""prio"":1}}},{""geoId"": {""0"": ""15""},""rangeId"": {""0"": ""442""},""combinationTreeId"":{""0"":""21"",""@attributes"":{""prio"":1}}},{""geoId"": {""0"": ""15""},""rangeId"": {""0"": ""443""},""combinationTreeId"":{""0"":""21"",""@attributes"":{""prio"":1}}},{""geoId"": {""0"": ""15""},""rangeId"": {""0"": ""444""},""combinationTreeId"":{""0"":""21"",""@attributes"":{""prio"":1}}},{""geoId"": {""0"": ""15""},""rangeId"": {""0"": ""714""},""combinationTreeId"":{""0"":""21"",""@attributes"":{""prio"":1}}},{""geoId"": {""0"": ""15""},""rangeId"": {""0"": ""715""},""combinationTreeId"":{""0"":""21"",""@attributes"":{""prio"":1}}},{""geoId"": {""0"": ""15""},""rangeId"": {""0"": ""710""},""combinationTreeId"":{""0"":""21"",""@attributes"":{""prio"":1}}},{""geoId"": {""0"": ""15""},""rangeId"": {""0"": ""711""},""combinationTreeId"":{""0"":""21"",""@attributes"":{""prio"":1}}}]",1,"Platinium 1,6 Transition Émeraude Moyen",X,60,0,"Platinium 1,6 Transition Émeraude Moyen",3.66612E+12
207812,Platinum Hard E 1.6 TRN GEN 8-Amber,11272,3,,3,1,0,NOT_FOR_NIGHT_DRIVING,YES,ASPHERIC,NONE,,1,NONE,NONE,1,0,0,0,0,0,0,NONE,0,0,0,"[{""geoId"": {""0"": ""16""},""rangeId"": {""0"": ""441""},""combinationTreeId"":{""0"":""21"",""@attributes"":{""prio"":1}}},{""geoId"": {""0"": ""16""},""rangeId"": {""0"": ""442""},""combinationTreeId"":{""0"":""21"",""@attributes"":{""prio"":1}}},{""geoId"": {""0"": ""16""},""rangeId"": {""0"": ""443""},""combinationTreeId"":{""0"":""21"",""@attributes"":{""prio"":1}}},{""geoId"": {""0"": ""16""},""rangeId"": {""0"": ""444""},""combinationTreeId"":{""0"":""21"",""@attributes"":{""prio"":1}}},{""geoId"": {""0"": ""16""},""rangeId"": {""0"": ""714""},""combinationTreeId"":{""0"":""21"",""@attributes"":{""prio"":1}}},{""geoId"": {""0"": ""16""},""rangeId"": {""0"": ""715""},""combinationTreeId"":{""0"":""21"",""@attributes"":{""prio"":1}}},{""geoId"": {""0"": ""16""},""rangeId"": {""0"": ""710""},""combinationTreeId"":{""0"":""21"",""@attributes"":{""prio"":1}}},{""geoId"": {""0"": ""16""},""rangeId"": {""0"": ""711""},""combinationTreeId"":{""0"":""21"",""@attributes"":{""prio"":1}}}]",1,"Platinium 1,6 Transition Ambre Court",X,60,0,"Platinium 1,6 Transition Ambre Court",3.66612E+12
207813,Platinum Hard E 1.6 TRN GEN 8-Emerald,11276,3,,3,1,0,NOT_FOR_NIGHT_DRIVING,YES,ASPHERIC,NONE,,1,NONE,NONE,1,0,0,0,0,0,0,NONE,0,0,0,"[{""geoId"": {""0"": ""16""},""rangeId"": {""0"": ""441""},""combinationTreeId"":{""0"":""21"",""@attributes"":{""prio"":1}}},{""geoId"": {""0"": ""16""},""rangeId"": {""0"": ""442""},""combinationTreeId"":{""0"":""21"",""@attributes"":{""prio"":1}}},{""geoId"": {""0"": ""16""},""rangeId"": {""0"": ""443""},""combinationTreeId"":{""0"":""21"",""@attributes"":{""prio"":1}}},{""geoId"": {""0"": ""16""},""rangeId"": {""0"": ""444""},""combinationTreeId"":{""0"":""21"",""@attributes"":{""prio"":1}}},{""geoId"": {""0"": ""16""},""rangeId"": {""0"": ""714""},""combinationTreeId"":{""0"":""21"",""@attributes"":{""prio"":1}}},{""geoId"": {""0"": ""16""},""rangeId"": {""0"": ""715""},""combinationTreeId"":{""0"":""21"",""@attributes"":{""prio"":1}}},{""geoId"": {""0"": ""16""},""rangeId"": {""0"": ""710""},""combinationTreeId"":{""0"":""21"",""@attributes"":{""prio"":1}}},{""geoId"": {""0"": ""16""},""rangeId"": {""0"": ""711""},""combinationTreeId"":{""0"":""21"",""@attributes"":{""prio"":1}}}]",1,"Platinium 1,6 Transition Émeraude Court",X,60,0,"Platinium 1,6 Transition Émeraude Court",3.66612E+12
207815,Platinum Hard U 1.6 TRN GEN 8-Amber,11271,3,,3,1,0,NOT_FOR_NIGHT_DRIVING,YES,ASPHERIC,NONE,,1,NONE,NONE,1,0,0,0,0,0,0,NONE,0,0,0,"[{""geoId"": {""0"": ""31""},""rangeId"": {""0"": ""441""},""combinationTreeId"":{""0"":""21"",""@attributes"":{""prio"":1}}},{""geoId"": {""0"": ""31""},""rangeId"": {""0"": ""442""},""combinationTreeId"":{""0"":""21"",""@attributes"":{""prio"":1}}},{""geoId"": {""0"": ""31""},""rangeId"": {""0"": ""443""},""combinationTreeId"":{""0"":""21"",""@attributes"":{""prio"":1}}},{""geoId"": {""0"": ""31""},""rangeId"": {""0"": ""444""},""combinationTreeId"":{""0"":""21"",""@attributes"":{""prio"":1}}},{""geoId"": {""0"": ""31""},""rangeId"": {""0"": ""714""},""combinationTreeId"":{""0"":""21"",""@attributes"":{""prio"":1}}},{""geoId"": {""0"": ""31""},""rangeId"": {""0"": ""715""},""combinationTreeId"":{""0"":""21"",""@attributes"":{""prio"":1}}},{""geoId"": {""0"": ""31""},""rangeId"": {""0"": ""710""},""combinationTreeId"":{""0"":""21"",""@attributes"":{""prio"":1}}},{""geoId"": {""0"": ""31""},""rangeId"": {""0"": ""711""},""combinationTreeId"":{""0"":""21"",""@attributes"":{""prio"":1}}}]",1,"Platinium 1,6 Transition Ambre Très Court",X,60,0,"Platinium 1,6 Transition Ambre Très Court",3.66612E+12
207817,Platinum Hard U 1.6 TRN GEN 8-Emerald,11275,3,,3,1,0,NOT_FOR_NIGHT_DRIVING,YES,ASPHERIC,NONE,,1,NONE,NONE,1,0,0,0,0,0,0,NONE,0,0,0,"[{""geoId"": {""0"": ""31""},""rangeId"": {""0"": ""441""},""combinationTreeId"":{""0"":""21"",""@attributes"":{""prio"":1}}},{""geoId"": {""0"": ""31""},""rangeId"": {""0"": ""442""},""combinationTreeId"":{""0"":""21"",""@attributes"":{""prio"":1}}},{""geoId"": {""0"": ""31""},""rangeId"": {""0"": ""443""},""combinationTreeId"":{""0"":""21"",""@attributes"":{""prio"":1}}},{""geoId"": {""0"": ""31""},""rangeId"": {""0"": ""444""},""combinationTreeId"":{""0"":""21"",""@attributes"":{""prio"":1}}},{""geoId"": {""0"": ""31""},""rangeId"": {""0"": ""714""},""combinationTreeId"":{""0"":""21"",""@attributes"":{""prio"":1}}},{""geoId"": {""0"": ""31""},""rangeId"": {""0"": ""715""},""combinationTreeId"":{""0"":""21"",""@attributes"":{""prio"":1}}},{""geoId"": {""0"": ""31""},""rangeId"": {""0"": ""710""},""combinationTreeId"":{""0"":""21"",""@attributes"":{""prio"":1}}},{""geoId"": {""0"": ""31""},""rangeId"": {""0"": ""711""},""combinationTreeId"":{""0"":""21"",""@attributes"":{""prio"":1}}}]",1,"Platinium 1,6 Transition Émeraude Très Court",X,60,0,"Platinium 1,6 Transition Émeraude Très Court",3.66612E+12
207804,Platinum Hard R 1.6 TRN GEN 8-Amber,4794,3,,3,1,0,NOT_FOR_NIGHT_DRIVING,YES,ASPHERIC,NONE,,1,NONE,NONE,1,0,0,0,0,0,0,NONE,0,0,0,"[{""geoId"": {""0"": ""14""},""rangeId"": {""0"": ""441""},""combinationTreeId"":{""0"":""21"",""@attributes"":{""prio"":1}}},{""geoId"": {""0"": ""14""},""rangeId"": {""0"": ""442""},""combinationTreeId"":{""0"":""21"",""@attributes"":{""prio"":1}}},{""geoId"": {""0"": ""14""},""rangeId"": {""0"": ""443""},""combinationTreeId"":{""0"":""21"",""@attributes"":{""prio"":1}}},{""geoId"": {""0"": ""14""},""rangeId"": {""0"": ""444""},""combinationTreeId"":{""0"":""21"",""@attributes"":{""prio"":1}}},{""geoId"": {""0"": ""14""},""rangeId"": {""0"": ""714""},""combinationTreeId"":{""0"":""21"",""@attributes"":{""prio"":1}}},{""geoId"": {""0"": ""14""},""rangeId"": {""0"": ""715""},""combinationTreeId"":{""0"":""21"",""@attributes"":{""prio"":1}}},{""geoId"": {""0"": ""14""},""rangeId"": {""0"": ""710""},""combinationTreeId"":{""0"":""21"",""@attributes"":{""prio"":1}}},{""geoId"": {""0"": ""14""},""rangeId"": {""0"": ""711""},""combinationTreeId"":{""0"":""21"",""@attributes"":{""prio"":1}}}]",1,"Elysium 1,6 Transition Ambre Long",X,68,0,"Elysium 1,6 Transition Ambre Long",3.66612E+12
207805,Platinum Hard R 1.6 TRN GEN 8-Emerald,4798,3,,3,1,0,NOT_FOR_NIGHT_DRIVING,YES,ASPHERIC,NONE,,1,NONE,NONE,1,0,0,0,0,0,0,NONE,0,0,0,"[{""geoId"": {""0"": ""14""},""rangeId"": {""0"": ""441""},""combinationTreeId"":{""0"":""21"",""@attributes"":{""prio"":1}}},{""geoId"": {""0"": ""14""},""rangeId"": {""0"": ""442""},""combinationTreeId"":{""0"":""21"",""@attributes"":{""prio"":1}}},{""geoId"": {""0"": ""14""},""rangeId"": {""0"": ""443""},""combinationTreeId"":{""0"":""21"",""@attributes"":{""prio"":1}}},{""geoId"": {""0"": ""14""},""rangeId"": {""0"": ""444""},""combinationTreeId"":{""0"":""21"",""@attributes"":{""prio"":1}}},{""geoId"": {""0"": ""14""},""rangeId"": {""0"": ""714""},""combinationTreeId"":{""0"":""21"",""@attributes"":{""prio"":1}}},{""geoId"": {""0"": ""14""},""rangeId"": {""0"": ""715""},""combinationTreeId"":{""0"":""21"",""@attributes"":{""prio"":1}}},{""geoId"": {""0"": ""14""},""rangeId"": {""0"": ""710""},""combinationTreeId"":{""0"":""21"",""@attributes"":{""prio"":1}}},{""geoId"": {""0"": ""14""},""rangeId"": {""0"": ""711""},""combinationTreeId"":{""0"":""21"",""@attributes"":{""prio"":1}}}]",1,"Elysium 1,6 Transition Émeraude Long",X,68,0,"Elysium 1,6 Transition Émeraude Long",3.66612E+12
207807,Platinum Hard S 1.6 TRN GEN 8-Amber,4793,3,,3,1,0,NOT_FOR_NIGHT_DRIVING,YES,ASPHERIC,NONE,,1,NONE,NONE,1,0,0,0,0,0,0,NONE,0,0,0,"[{""geoId"": {""0"": ""15""},""rangeId"": {""0"": ""441""},""combinationTreeId"":{""0"":""21"",""@attributes"":{""prio"":1}}},{""geoId"": {""0"": ""15""},""rangeId"": {""0"": ""442""},""combinationTreeId"":{""0"":""21"",""@attributes"":{""prio"":1}}},{""geoId"": {""0"": ""15""},""rangeId"": {""0"": ""443""},""combinationTreeId"":{""0"":""21"",""@attributes"":{""prio"":1}}},{""geoId"": {""0"": ""15""},""rangeId"": {""0"": ""444""},""combinationTreeId"":{""0"":""21"",""@attributes"":{""prio"":1}}},{""geoId"": {""0"": ""15""},""rangeId"": {""0"": ""714""},""combinationTreeId"":{""0"":""21"",""@attributes"":{""prio"":1}}},{""geoId"": {""0"": ""15""},""rangeId"": {""0"": ""715""},""combinationTreeId"":{""0"":""21"",""@attributes"":{""prio"":1}}},{""geoId"": {""0"": ""15""},""rangeId"": {""0"": ""710""},""combinationTreeId"":{""0"":""21"",""@attributes"":{""prio"":1}}},{""geoId"": {""0"": ""15""},""rangeId"": {""0"": ""711""},""combinationTreeId"":{""0"":""21"",""@attributes"":{""prio"":1}}}]",1,"Elysium 1,6 Transition Ambre Moyen",X,68,0,"Elysium 1,6 Transition Ambre Moyen",3.66612E+12
207809,Platinum Hard S 1.6 TRN GEN 8-Emerald,4797,3,,3,1,0,NOT_FOR_NIGHT_DRIVING,YES,ASPHERIC,NONE,,1,NONE,NONE,1,0,0,0,0,0,0,NONE,0,0,0,"[{""geoId"": {""0"": ""15""},""rangeId"": {""0"": ""441""},""combinationTreeId"":{""0"":""21"",""@attributes"":{""prio"":1}}},{""geoId"": {""0"": ""15""},""rangeId"": {""0"": ""442""},""combinationTreeId"":{""0"":""21"",""@attributes"":{""prio"":1}}},{""geoId"": {""0"": ""15""},""rangeId"": {""0"": ""443""},""combinationTreeId"":{""0"":""21"",""@attributes"":{""prio"":1}}},{""geoId"": {""0"": ""15""},""rangeId"": {""0"": ""444""},""combinationTreeId"":{""0"":""21"",""@attributes"":{""prio"":1}}},{""geoId"": {""0"": ""15""},""rangeId"": {""0"": ""714""},""combinationTreeId"":{""0"":""21"",""@attributes"":{""prio"":1}}},{""geoId"": {""0"": ""15""},""rangeId"": {""0"": ""715""},""combinationTreeId"":{""0"":""21"",""@attributes"":{""prio"":1}}},{""geoId"": {""0"": ""15""},""rangeId"": {""0"": ""710""},""combinationTreeId"":{""0"":""21"",""@attributes"":{""prio"":1}}},{""geoId"": {""0"": ""15""},""rangeId"": {""0"": ""711""},""combinationTreeId"":{""0"":""21"",""@attributes"":{""prio"":1}}}]",1,"Elysium 1,6 Transition Émeraude Moyen",X,68,0,"Elysium 1,6 Transition Émeraude Moyen",3.66612E+12
207812,Platinum Hard E 1.6 TRN GEN 8-Amber,4792,3,,3,1,0,NOT_FOR_NIGHT_DRIVING,YES,ASPHERIC,NONE,,1,NONE,NONE,1,0,0,0,0,0,0,NONE,0,0,0,"[{""geoId"": {""0"": ""16""},""rangeId"": {""0"": ""441""},""combinationTreeId"":{""0"":""21"",""@attributes"":{""prio"":1}}},{""geoId"": {""0"": ""16""},""rangeId"": {""0"": ""442""},""combinationTreeId"":{""0"":""21"",""@attributes"":{""prio"":1}}},{""geoId"": {""0"": ""16""},""rangeId"": {""0"": ""443""},""combinationTreeId"":{""0"":""21"",""@attributes"":{""prio"":1}}},{""geoId"": {""0"": ""16""},""rangeId"": {""0"": ""444""},""combinationTreeId"":{""0"":""21"",""@attributes"":{""prio"":1}}},{""geoId"": {""0"": ""16""},""rangeId"": {""0"": ""714""},""combinationTreeId"":{""0"":""21"",""@attributes"":{""prio"":1}}},{""geoId"": {""0"": ""16""},""rangeId"": {""0"": ""715""},""combinationTreeId"":{""0"":""21"",""@attributes"":{""prio"":1}}},{""geoId"": {""0"": ""16""},""rangeId"": {""0"": ""710""},""combinationTreeId"":{""0"":""21"",""@attributes"":{""prio"":1}}},{""geoId"": {""0"": ""16""},""rangeId"": {""0"": ""711""},""combinationTreeId"":{""0"":""21"",""@attributes"":{""prio"":1}}}]",1,"Elysium 1,6 Transition Ambre Court",X,68,0,"Elysium 1,6 Transition Ambre Court",3.66612E+12
207813,Platinum Hard E 1.6 TRN GEN 8-Emerald,4796,3,,3,1,0,NOT_FOR_NIGHT_DRIVING,YES,ASPHERIC,NONE,,1,NONE,NONE,1,0,0,0,0,0,0,NONE,0,0,0,"[{""geoId"": {""0"": ""16""},""rangeId"": {""0"": ""441""},""combinationTreeId"":{""0"":""21"",""@attributes"":{""prio"":1}}},{""geoId"": {""0"": ""16""},""rangeId"": {""0"": ""442""},""combinationTreeId"":{""0"":""21"",""@attributes"":{""prio"":1}}},{""geoId"": {""0"": ""16""},""rangeId"": {""0"": ""443""},""combinationTreeId"":{""0"":""21"",""@attributes"":{""prio"":1}}},{""geoId"": {""0"": ""16""},""rangeId"": {""0"": ""444""},""combinationTreeId"":{""0"":""21"",""@attributes"":{""prio"":1}}},{""geoId"": {""0"": ""16""},""rangeId"": {""0"": ""714""},""combinationTreeId"":{""0"":""21"",""@attributes"":{""prio"":1}}},{""geoId"": {""0"": ""16""},""rangeId"": {""0"": ""715""},""combinationTreeId"":{""0"":""21"",""@attributes"":{""prio"":1}}},{""geoId"": {""0"": ""16""},""rangeId"": {""0"": ""710""},""combinationTreeId"":{""0"":""21"",""@attributes"":{""prio"":1}}},{""geoId"": {""0"": ""16""},""rangeId"": {""0"": ""711""},""combinationTreeId"":{""0"":""21"",""@attributes"":{""prio"":1}}}]",1,"Elysium 1,6 Transition Émeraude Court",X,68,0,"Elysium 1,6 Transition Émeraude Court",3.66612E+12
207815,Platinum Hard U 1.6 TRN GEN 8-Amber,4791,3,,3,1,0,NOT_FOR_NIGHT_DRIVING,YES,ASPHERIC,NONE,,1,NONE,NONE,1,0,0,0,0,0,0,NONE,0,0,0,"[{""geoId"": {""0"": ""31""},""rangeId"": {""0"": ""441""},""combinationTreeId"":{""0"":""21"",""@attributes"":{""prio"":1}}},{""geoId"": {""0"": ""31""},""rangeId"": {""0"": ""442""},""combinationTreeId"":{""0"":""21"",""@attributes"":{""prio"":1}}},{""geoId"": {""0"": ""31""},""rangeId"": {""0"": ""443""},""combinationTreeId"":{""0"":""21"",""@attributes"":{""prio"":1}}},{""geoId"": {""0"": ""31""},""rangeId"": {""0"": ""444""},""combinationTreeId"":{""0"":""21"",""@attributes"":{""prio"":1}}},{""geoId"": {""0"": ""31""},""rangeId"": {""0"": ""714""},""combinationTreeId"":{""0"":""21"",""@attributes"":{""prio"":1}}},{""geoId"": {""0"": ""31""},""rangeId"": {""0"": ""715""},""combinationTreeId"":{""0"":""21"",""@attributes"":{""prio"":1}}},{""geoId"": {""0"": ""31""},""rangeId"": {""0"": ""710""},""combinationTreeId"":{""0"":""21"",""@attributes"":{""prio"":1}}},{""geoId"": {""0"": ""31""},""rangeId"": {""0"": ""711""},""combinationTreeId"":{""0"":""21"",""@attributes"":{""prio"":1}}}]",1,"Elysium 1,6 Transition Ambre Très Court",X,68,0,"Elysium 1,6 Transition Ambre Très Court",3.66612E+12
207817,Platinum Hard U 1.6 TRN GEN 8-Emerald,4795,3,,3,1,0,NOT_FOR_NIGHT_DRIVING,YES,ASPHERIC,NONE,,1,NONE,NONE,1,0,0,0,0,0,0,NONE,0,0,0,"[{""geoId"": {""0"": ""31""},""rangeId"": {""0"": ""441""},""combinationTreeId"":{""0"":""21"",""@attributes"":{""prio"":1}}},{""geoId"": {""0"": ""31""},""rangeId"": {""0"": ""442""},""combinationTreeId"":{""0"":""21"",""@attributes"":{""prio"":1}}},{""geoId"": {""0"": ""31""},""rangeId"": {""0"": ""443""},""combinationTreeId"":{""0"":""21"",""@attributes"":{""prio"":1}}},{""geoId"": {""0"": ""31""},""rangeId"": {""0"": ""444""},""combinationTreeId"":{""0"":""21"",""@attributes"":{""prio"":1}}},{""geoId"": {""0"": ""31""},""rangeId"": {""0"": ""714""},""combinationTreeId"":{""0"":""21"",""@attributes"":{""prio"":1}}},{""geoId"": {""0"": ""31""},""rangeId"": {""0"": ""715""},""combinationTreeId"":{""0"":""21"",""@attributes"":{""prio"":1}}},{""geoId"": {""0"": ""31""},""rangeId"": {""0"": ""710""},""combinationTreeId"":{""0"":""21"",""@attributes"":{""prio"":1}}},{""geoId"": {""0"": ""31""},""rangeId"": {""0"": ""711""},""combinationTreeId"":{""0"":""21"",""@attributes"":{""prio"":1}}}]",1,"Elysium 1,6 Transition Émeraude Très Court",X,68,0,"Elysium 1,6 Transition Émeraude Très Court",3.66612E+12
207832,Omega R 1.6 TRN GEN 8-Amber,7024,3,,54,1,0,,YES,ASPHERIC,NONE,,1,NONE,NONE,1,0,0,0,0,0,0,NONE,0,0,0,"[{""geoId"": {""0"": ""14""},""rangeId"": {""0"": ""331""},""combinationTreeId"":{""0"":""21"",""@attributes"":{""prio"":1}}},{""geoId"": {""0"": ""14""},""rangeId"": {""0"": ""332""},""combinationTreeId"":{""0"":""21"",""@attributes"":{""prio"":1}}},{""geoId"": {""0"": ""14""},""rangeId"": {""0"": ""333""},""combinationTreeId"":{""0"":""21"",""@attributes"":{""prio"":1}}},{""geoId"": {""0"": ""14""},""rangeId"": {""0"": ""334""},""combinationTreeId"":{""0"":""21"",""@attributes"":{""prio"":1}}},{""geoId"": {""0"": ""14""},""rangeId"": {""0"": ""341""},""combinationTreeId"":{""0"":""21"",""@attributes"":{""prio"":1}}},{""geoId"": {""0"": ""14""},""rangeId"": {""0"": ""342""},""combinationTreeId"":{""0"":""21"",""@attributes"":{""prio"":1}}},{""geoId"": {""0"": ""14""},""rangeId"": {""0"": ""343""},""combinationTreeId"":{""0"":""21"",""@attributes"":{""prio"":1}}},{""geoId"": {""0"": ""14""},""rangeId"": {""0"": ""344""},""combinationTreeId"":{""0"":""21"",""@attributes"":{""prio"":1}}}]",1,"Oméga 1,6 Transition Ambre Long",X,74,0,"Oméga 1,6 Transition Ambre Long",3.66612E+12
207833,Omega R 1.6 TRN GEN 8-Emerald,7028,3,,54,1,0,,YES,ASPHERIC,NONE,,1,NONE,NONE,1,0,0,0,0,0,0,NONE,0,0,0,"[{""geoId"": {""0"": ""14""},""rangeId"": {""0"": ""331""},""combinationTreeId"":{""0"":""21"",""@attributes"":{""prio"":1}}},{""geoId"": {""0"": ""14""},""rangeId"": {""0"": ""332""},""combinationTreeId"":{""0"":""21"",""@attributes"":{""prio"":1}}},{""geoId"": {""0"": ""14""},""rangeId"": {""0"": ""333""},""combinationTreeId"":{""0"":""21"",""@attributes"":{""prio"":1}}},{""geoId"": {""0"": ""14""},""rangeId"": {""0"": ""334""},""combinationTreeId"":{""0"":""21"",""@attributes"":{""prio"":1}}},{""geoId"": {""0"": ""14""},""rangeId"": {""0"": ""341""},""combinationTreeId"":{""0"":""21"",""@attributes"":{""prio"":1}}},{""geoId"": {""0"": ""14""},""rangeId"": {""0"": ""342""},""combinationTreeId"":{""0"":""21"",""@attributes"":{""prio"":1}}},{""geoId"": {""0"": ""14""},""rangeId"": {""0"": ""343""},""combinationTreeId"":{""0"":""21"",""@attributes"":{""prio"":1}}},{""geoId"": {""0"": ""14""},""rangeId"": {""0"": ""344""},""combinationTreeId"":{""0"":""21"",""@attributes"":{""prio"":1}}}]",1,"Oméga 1,6 Transition Émeraude Long",X,74,0,"Oméga 1,6 Transition Émeraude Long",3.66612E+12
207835,Omega S 1.6 TRN GEN 8-Amber,7023,3,,54,1,0,,YES,ASPHERIC,NONE,,1,NONE,NONE,1,0,0,0,0,0,0,NONE,0,0,0,"[{""geoId"": {""0"": ""15""},""rangeId"": {""0"": ""331""},""combinationTreeId"":{""0"":""21"",""@attributes"":{""prio"":1}}},{""geoId"": {""0"": ""15""},""rangeId"": {""0"": ""332""},""combinationTreeId"":{""0"":""21"",""@attributes"":{""prio"":1}}},{""geoId"": {""0"": ""15""},""rangeId"": {""0"": ""333""},""combinationTreeId"":{""0"":""21"",""@attributes"":{""prio"":1}}},{""geoId"": {""0"": ""15""},""rangeId"": {""0"": ""334""},""combinationTreeId"":{""0"":""21"",""@attributes"":{""prio"":1}}},{""geoId"": {""0"": ""15""},""rangeId"": {""0"": ""341""},""combinationTreeId"":{""0"":""21"",""@attributes"":{""prio"":1}}},{""geoId"": {""0"": ""15""},""rangeId"": {""0"": ""342""},""combinationTreeId"":{""0"":""21"",""@attributes"":{""prio"":1}}},{""geoId"": {""0"": ""15""},""rangeId"": {""0"": ""343""},""combinationTreeId"":{""0"":""21"",""@attributes"":{""prio"":1}}},{""geoId"": {""0"": ""15""},""rangeId"": {""0"": ""344""},""combinationTreeId"":{""0"":""21"",""@attributes"":{""prio"":1}}}]",1,"Oméga 1,6 Transition Ambre Moyen",X,74,0,"Oméga 1,6 Transition Ambre Moyen",3.66612E+12
207837,Omega S 1.6 TRN GEN 8-Emerald,7027,3,,54,1,0,,YES,ASPHERIC,NONE,,1,NONE,NONE,1,0,0,0,0,0,0,NONE,0,0,0,"[{""geoId"": {""0"": ""15""},""rangeId"": {""0"": ""331""},""combinationTreeId"":{""0"":""21"",""@attributes"":{""prio"":1}}},{""geoId"": {""0"": ""15""},""rangeId"": {""0"": ""332""},""combinationTreeId"":{""0"":""21"",""@attributes"":{""prio"":1}}},{""geoId"": {""0"": ""15""},""rangeId"": {""0"": ""333""},""combinationTreeId"":{""0"":""21"",""@attributes"":{""prio"":1}}},{""geoId"": {""0"": ""15""},""rangeId"": {""0"": ""334""},""combinationTreeId"":{""0"":""21"",""@attributes"":{""prio"":1}}},{""geoId"": {""0"": ""15""},""rangeId"": {""0"": ""341""},""combinationTreeId"":{""0"":""21"",""@attributes"":{""prio"":1}}},{""geoId"": {""0"": ""15""},""rangeId"": {""0"": ""342""},""combinationTreeId"":{""0"":""21"",""@attributes"":{""prio"":1}}},{""geoId"": {""0"": ""15""},""rangeId"": {""0"": ""343""},""combinationTreeId"":{""0"":""21"",""@attributes"":{""prio"":1}}},{""geoId"": {""0"": ""15""},""rangeId"": {""0"": ""344""},""combinationTreeId"":{""0"":""21"",""@attributes"":{""prio"":1}}}]",1,"Oméga 1,6 Transition Émeraude Moyen",X,74,0,"Oméga 1,6 Transition Émeraude Moyen",3.66612E+12
207840,Omega E 1.6 TRN GEN 8-Amber,7022,3,,54,1,0,,YES,ASPHERIC,NONE,,1,NONE,NONE,1,0,0,0,0,0,0,NONE,0,0,0,"[{""geoId"": {""0"": ""16""},""rangeId"": {""0"": ""331""},""combinationTreeId"":{""0"":""21"",""@attributes"":{""prio"":1}}},{""geoId"": {""0"": ""16""},""rangeId"": {""0"": ""332""},""combinationTreeId"":{""0"":""21"",""@attributes"":{""prio"":1}}},{""geoId"": {""0"": ""16""},""rangeId"": {""0"": ""333""},""combinationTreeId"":{""0"":""21"",""@attributes"":{""prio"":1}}},{""geoId"": {""0"": ""16""},""rangeId"": {""0"": ""334""},""combinationTreeId"":{""0"":""21"",""@attributes"":{""prio"":1}}},{""geoId"": {""0"": ""16""},""rangeId"": {""0"": ""341""},""combinationTreeId"":{""0"":""21"",""@attributes"":{""prio"":1}}},{""geoId"": {""0"": ""16""},""rangeId"": {""0"": ""342""},""combinationTreeId"":{""0"":""21"",""@attributes"":{""prio"":1}}},{""geoId"": {""0"": ""16""},""rangeId"": {""0"": ""343""},""combinationTreeId"":{""0"":""21"",""@attributes"":{""prio"":1}}},{""geoId"": {""0"": ""16""},""rangeId"": {""0"": ""344""},""combinationTreeId"":{""0"":""21"",""@attributes"":{""prio"":1}}}]",1,"Oméga 1,6 Transition Ambre Court",X,74,0,"Oméga 1,6 Transition Ambre Court",3.66612E+12
207841,Omega E 1.6 TRN GEN 8-Emerald,7026,3,,54,1,0,,YES,ASPHERIC,NONE,,1,NONE,NONE,1,0,0,0,0,0,0,NONE,0,0,0,"[{""geoId"": {""0"": ""16""},""rangeId"": {""0"": ""331""},""combinationTreeId"":{""0"":""21"",""@attributes"":{""prio"":1}}},{""geoId"": {""0"": ""16""},""rangeId"": {""0"": ""332""},""combinationTreeId"":{""0"":""21"",""@attributes"":{""prio"":1}}},{""geoId"": {""0"": ""16""},""rangeId"": {""0"": ""333""},""combinationTreeId"":{""0"":""21"",""@attributes"":{""prio"":1}}},{""geoId"": {""0"": ""16""},""rangeId"": {""0"": ""334""},""combinationTreeId"":{""0"":""21"",""@attributes"":{""prio"":1}}},{""geoId"": {""0"": ""16""},""rangeId"": {""0"": ""341""},""combinationTreeId"":{""0"":""21"",""@attributes"":{""prio"":1}}},{""geoId"": {""0"": ""16""},""rangeId"": {""0"": ""342""},""combinationTreeId"":{""0"":""21"",""@attributes"":{""prio"":1}}},{""geoId"": {""0"": ""16""},""rangeId"": {""0"": ""343""},""combinationTreeId"":{""0"":""21"",""@attributes"":{""prio"":1}}},{""geoId"": {""0"": ""16""},""rangeId"": {""0"": ""344""},""combinationTreeId"":{""0"":""21"",""@attributes"":{""prio"":1}}}]",1,"Oméga 1,6 Transition Émeraude Court",X,74,0,"Oméga 1,6 Transition Émeraude Court",3.66612E+12
207843,Omega U 1.6 TRN GEN 8-Amber,7021,3,,54,1,0,,YES,ASPHERIC,NONE,,1,NONE,NONE,1,0,0,0,0,0,0,NONE,0,0,0,"[{""geoId"": {""0"": ""31""},""rangeId"": {""0"": ""331""},""combinationTreeId"":{""0"":""21"",""@attributes"":{""prio"":1}}},{""geoId"": {""0"": ""31""},""rangeId"": {""0"": ""332""},""combinationTreeId"":{""0"":""21"",""@attributes"":{""prio"":1}}},{""geoId"": {""0"": ""31""},""rangeId"": {""0"": ""333""},""combinationTreeId"":{""0"":""21"",""@attributes"":{""prio"":1}}},{""geoId"": {""0"": ""31""},""rangeId"": {""0"": ""334""},""combinationTreeId"":{""0"":""21"",""@attributes"":{""prio"":1}}},{""geoId"": {""0"": ""31""},""rangeId"": {""0"": ""341""},""combinationTreeId"":{""0"":""21"",""@attributes"":{""prio"":1}}},{""geoId"": {""0"": ""31""},""rangeId"": {""0"": ""342""},""combinationTreeId"":{""0"":""21"",""@attributes"":{""prio"":1}}},{""geoId"": {""0"": ""31""},""rangeId"": {""0"": ""343""},""combinationTreeId"":{""0"":""21"",""@attributes"":{""prio"":1}}},{""geoId"": {""0"": ""31""},""rangeId"": {""0"": ""344""},""combinationTreeId"":{""0"":""21"",""@attributes"":{""prio"":1}}}]",1,"Oméga 1,6 Transition Ambre Très Court",X,74,0,"Oméga 1,6 Transition Ambre Très Court",3.66612E+12
207845,Omega U 1.6 TRN GEN 8-Emerald,7025,3,,54,1,0,,YES,ASPHERIC,NONE,,1,NONE,NONE,1,0,0,0,0,0,0,NONE,0,0,0,"[{""geoId"": {""0"": ""31""},""rangeId"": {""0"": ""331""},""combinationTreeId"":{""0"":""21"",""@attributes"":{""prio"":1}}},{""geoId"": {""0"": ""31""},""rangeId"": {""0"": ""332""},""combinationTreeId"":{""0"":""21"",""@attributes"":{""prio"":1}}},{""geoId"": {""0"": ""31""},""rangeId"": {""0"": ""333""},""combinationTreeId"":{""0"":""21"",""@attributes"":{""prio"":1}}},{""geoId"": {""0"": ""31""},""rangeId"": {""0"": ""334""},""combinationTreeId"":{""0"":""21"",""@attributes"":{""prio"":1}}},{""geoId"": {""0"": ""31""},""rangeId"": {""0"": ""341""},""combinationTreeId"":{""0"":""21"",""@attributes"":{""prio"":1}}},{""geoId"": {""0"": ""31""},""rangeId"": {""0"": ""342""},""combinationTreeId"":{""0"":""21"",""@attributes"":{""prio"":1}}},{""geoId"": {""0"": ""31""},""rangeId"": {""0"": ""343""},""combinationTreeId"":{""0"":""21"",""@attributes"":{""prio"":1}}},{""geoId"": {""0"": ""31""},""rangeId"": {""0"": ""344""},""combinationTreeId"":{""0"":""21"",""@attributes"":{""prio"":1}}}]",1,"Oméga 1,6 Transition Émeraude Très Court",X,74,0,"Oméga 1,6 Transition Émeraude Très Court",3.66612E+12
